protein_sequence,experimental_stability_group
MLPRLVSNLVSWAQAIRPPRPPTVLGFQA,0
MGIVLLDPTCNRWMLLHADYFFKPVLF,0
MLAGTSGEHGLCYCGSSTTGPRPGSPSLLAWLPDRAGRLRLPAEEAREPRAPGRPGAPPS,1
MAEEQTPGTTLRLGFRPRHWILLVKIKSFGCLTVKMV,0
MAAATVTVTKTAAAATAFNKAVWFTPCSCQETSVWLFNFS,0
MAYVVIPGFLALSGGFITLNGFEPMKVYSLKKTDSPSCEL,0
MRGRDRGETMGMWAREPRSGLAAPPSPAE,1
MASLAPHRPLPEGGSLPAQPGAPEISLEQAPERDYP,1
MWICPVMDGSTEARLGKFSLEDTRGRKTSKRRLFLLIFWRSFWRGTFGM,0
MGTWLPRVAELWEEKPVCLCIASLQR,0
MSAIWLQVCFSPRHSDGEGSRHLLASG,0
MNNNIYYQSSNLVCLELEYSCLRHILEELEKSK,0
MGRRPSRDLRSSGAAATPRTVQNFLPTKKSK,1
MSPSRPTENETALQQIGWKELGLFSLFFTLERACKHCSF,0
MLPAPDPSRGGSGPPVESRRPGTRVSPT,1
MTYPRHLFGHTSVLGSSFLGGFGPGTFPVSAHCRFIHNCQGGTAFNFTVLEAAKRILLQCKEEMANG,0
MKANSPTEVAGTFLDEGSLLRLCLENPQSAAS,1
MVQGPVQTPALTIHRRKRRRRRRRRPSGGTQQALLPAPAVAASES,1
MYSDLNPEFSLMVKRLRNHEWRISSPHFLGCSNCSTENHSIRRHSFFNVCC,0
MPRPHGSHGGSRRSRRPTRAADTKGC,1
MINDLMINLDASSHASGHPTGNDTPAPGIRLSST,1
MKRMACPEDSQIHPSNRLHCRRQSGFILYSPCRLPSS,0
MLHHRSVPPPFRGPPEKLSDRILGETALD,1
MEWAGKQRDFQGSGFAESRNDHDCQQEFQHHPRSWWH,1
MRCGAARCPPAPSRQPRRPRGPGQGRGRRPEPR,1
MGVFVCICVGRAFGGKVTGSSEAAGEQGSR,0
MFGLFPPKQPIFKTWTLGLAPGHLSLYQDSTSVLPTSSSDSWYPLGWRLLIFLPN,0
MGSGVAADTGSGKVSQTYTSGRAAAGYP,1
MRGANRAPPPPPRPGLGPGPGPGGSRACERWGRRPCRRTPGRRPLRSDDGI,1
MPNCILGALGLNLELSCQATSHDFTAEPVHVCVRGEIQASRCRLVPSYLGSRALSWDLGSCA,0
MGPKRPKPRSPQTAGPASPPGPGCLGSA,1
MRTMGRPLGQPTCDNGGLRLPCGEHK,1
MKKSSLLLLLLLLLLRVPASSCQGGQPASSRRGARELKESQFPQNCCSEKRSLLL,0
MRQTCAARDVARARTREPMGTLEGFETRH,1
MSCILICLTVHVFHLQPFACVQPTVCLQFLNCTSCVS,0
MQISTQKTEKEPVVMEWAGVKDWVPGS,1
MRQGRFPIRAPTCPQSLERDSNPASMSRSLQPPSS,1
MASLAAMLELSLFGARPAPGPPSVAAS,0
MFSPQELTGEGMGQDPSLCKASVTVMFQVFLMTVCLYLTVLLTNNLLGSKGQHLLSKAQEEFEEN,0
MSYWAPVCRIYAHVGTEESSVVAMFSPQELTGEGMGQDPSLCKASVTVMFQHLIIYPGEFSCLPG,0
MSYWAPVCRIYAHVGTEESSVVAMFSPQELTGEGMGQDPSLCKASVTVMFQVGVHGLCSYRGDLVDNHSMMNTK,0
MGAGVVGGHGGAAPKRAKLGSPPLPQEA,1
MKQTGDTSGENLQLANPQSVGLWLPVLPSLPHGEDELAEQTGLPGPWAPYTSRGQSPNPSHG,1
MPPTGTRPVPRACLPARPLGAILGQEWGPGPRP,1
MVAETGGVGDVSRGRVASVGTLGAEQLPH,1
MGRHCASGGSGHRWNPRPGLGALRAPTHGPAGPARAG,0
MAASYSVASASRLTGLLGKASSGGASRCAA,0
MQMRLLLEWRVYLRLTCATKDGMARECPTTWLSPPAKPDFAQRHSVKPTALQGGRWSRLGASP,0
MSPHLILPRPVGRVVILGLEMRKPRLGEMKRCTATERLLCNEAKANVLFLAAVV,0
MVSPSSRCRFGLLGTIWLDPESAWNRDRDLSGPAAGSSLVVAVVRGLRWLPGLV,0
MLGDLFLWLLMPRKDSGPQDSPKLEFEYCSLAV,0
MGPQVCAPYSPPITYQRALQELLTNRLSMVLHSRINCTSVCAKSTRHWRNSRNNTWYRHMDLSGKRSR,0
MTRPTIVSSCLWAVRQLVGTRSNPRFFLQYSGYNLSWLL,0
MSSYLTSEPRWAGNRGLGPAGAARKRGNSERSVFSLWFLSPASRTAGPAATWTGIQRILQVQLHRLAFPDAPKPAPRTE,0
MPPGTRACRVPRPGRRAPRPRRDGEPGGHGVAPASAEEVGARPGLRAVARLLPQQHLQAGGEGSER,1
MSSSRCLDPECGGNISGEALTPKAVQAQCGGCFSGESSRLAQPGAPSSWPKSYPSS,1
MPVDDEASEDDTDSFFSNSPRTFIFQ,1
MCRRQNAKLTLQGATAGARDQPAVSHPSIQGIYCTVLFLEVRHTRLLYKRKIPGAQKRKGLHFESPLEC,0
MLTTQDLKQSSVLMSYRIHVEVNVTL,0
MGQERASLVPTRVARVSSTPEESPPGGAGGEEAGEVRG,1
MTAAPLLPPPARPPLAAGWMRTVRR,1
MTASGWPWSLSGLGRGKESGKNLRTS,1
MGLTLLLPVTTSLTSYTFSTMEWLSL,0
MEGEEEAAAAKGGVWGRLQGPLCHS,1
MLTGFCFSSQPCGAGTEEPIKALPPAASPE,1
MSLMGIVNNPYFWFLMIFQERSLTRVSDMPTPPLPSTMFGSSLRPHQEQMLVPCFL,0
MESELWGGKREDRGRGVRVAQQVAAGGDGGGGWGVR,1
MKEAVDWYQESVSKEALTRRQCHVLGLLSLHIHELSFWNP,0
MVGLYVCVCVCVWGGGVTRLALRIHTLCAQRKVTWTSVVPLDRQSKRREKKQVELLALSGTPLDVLEGNDALVFCEVK,0
MFVSLYLISPESGNYLYLLSVYCVPGTISMCIEKPWKAIQQYI,0
MTPIRDPQRRCMSIYLLSVYCVPGTISMCIEKPWKAIQQYI,0
MNVTTLVTSYNLPGKGDMNVCNDTS,1
MNLLSAFKLTWSESLDEPVGPFLLARWFGTSGFGTVRGWTKILRGC,0
MCVVAAAEELVCGAERPMDEEDAAAPVCSHEQDG,1
MAAARGLPGSRKQAVRGGSAAGTRAGAGATAGRVAWRPGAGRVRGVPADRGSRSSGGPPCW,1
MPESQPSTVTPRHLGRPGQTESREAPALPLPHCPEPKWGSERP,1
MAGRLWRRSGEQKKGVFIRFLIVLPLDARHVLGLGAARRGRQRPCPLLAGRTEFWPHCEERQKPAVAAG,0
MGGGPAAGGPGRVTPGARPAPDPDPRGAAP,1
MKTIEDSIAKPWPFLSVVRPMPRIKEGYAFGYSRHTPF,0
MKCGPVAPHCRFSSFLPPFRKCKLRISNLHRDVF,0
MCTGRRVLQPPEEEEDGGEEESGGLAAAGPGRGDAVDCVCLAVADARRRRGAGDPREGRPGGGGGGRQK,1
METERHPTRGGGVGEAGRVRGRRLAGGAGSWSGPCAPRARGCRRL,1
MQCLLISKHTRMCARSCSAPSAQVSSCVPSI,0
MCSYIVICVHPRWGIFLLLNEDLTREQV,0
MAAAAFVVPRVKQKAGATRRGSEERG,0
MELLVVERPASLEWWRSCFLRISIKY,0
MEQSPSTPPPPPGAPPSLRGQQQLQPPVPGLPAREAREPPARTPPRV,1
MCSKPAGVTTLPRPDGGQSSEWQRVAALAADAP,1
MESRIYRPARKEKKIPDVWSKQEFPGGLGNVWLFLSLLISVVTTGGPQKTHRNERPEVYKSLLEIF,0
MQPTSTGKQKTVRTDPESCAYQGKFRRDMNLSKMRLKLLNAALSLFTATSSGVTNTHTVHQQYFYTGYVC,0
MAGPREQRAAAAGPGTLGQWVKPGGSPCLARWAPSSSEPKQSTLGTQLHPDYRGVPRLEAELQRGPARGFAENK,1
MQGSPPALRSEAGDSVPLRPSGPGASEPGPGRGTVMLGPDGRARIPASR,1
MSIACPSTAVILLYRRASPHQLGMITVLPKKGWLLFF,0
MAMRWARACRVGLLGGSGARPGGYPPLPA,0
MDPRGPAPQTLRRRDGAQDVGLGRGATTRTGRRGGAAAAGARSRRAPEGAP,1
MVGAHSPRRPVLRSTSFTSSSASSFSGAAGGAVWRPAS,1
MGASAGNSKVGFDKLRPAGGAHRVLEVHVCFHEDLSARSR,0
MCTEGPGGASGAGLPLANRVPRETLKGN,1
MQDLTNTQGWSPRGSVLFLHSEHQDALK,1
MEGSRVRSRGTQSRQTGATGSCQKPRP,1
MLRKMIPMILKMFLHRNEGNTKNQIQF,0
MRNLEKDCQFQINIFRENWKRRSLLQLYLRTF,0
MRQSLRATPGSGQAAAEAAAREGRRRRRRRRWRRRRPAPGAEP,1
MALALARRRWAFLTASPSSVAERADFREGTDQRLSGGRRA,0
MAAGCKTPDPPLPCLRRRRCWSHWDPVVCVC,0
MAMVMAAVTRTTPVKLRSGRSSSVVCSPVTSVCGA,0
MGKLSRCSSLRNLDLRSVCGTSIKMIYGNKVLSLCLK,0
METESWPGRGRGELVIRPPQLFCLRIRALTNLPAGAPSPSLPAKMRSLGCLRVFSSLG,0
MWYDTSNWSIISFKPHGYLKRYLAIINKIVMNTCTGVCTDISCHFS,0
MRGGTQPLPLGDAVGFLAQGIQAAR,1
MAALRALLLWAPGAGGTPRMRTLRMCSA,0
MKRCHLAAMAAVVSATPGQGPVECSTMGSTGYRAETALCQLCC,0
MFIRTLKTTVLPFMRTAPQLALSWVPPGCRVSPWDSPLKLYCLQPC,0
MDCVLLHGLFTLLSQTLQLGAWAPLTILIEKGK,0
MKERTSRGFVFCETVFLYSCSNDRVTCTVVLLPECTDV,0
MRKLRLGEVTKLVQNHTTCKGHSQDSEPGCKN,1
MRTASAEGTGLFMTTCGEITWIPGLAKSPGIGRTPMRWATAWPSECIYSIRTGSLSLHIGLWD,0
MDRPFLLTLWRFSFMWKLEDKVKGAKSYLLW,0
MIYSWAVFLYPGVHPVHPRNTDLITVTKSDG,0
MIGGRHMCLKRALSSEKSNSEFWGCALICVHQWQNHPANQITSAVVTD,0
MREEDFRNPTEKWSDPQGGSDLPQYRQGLSFLVRLLS,0
MIKSLSAGPEPYPAPQASSLARSCTCPERKPFETGTKALERLAGPPT,1
MRIKGGIYEEMRVNKSSLTSPSLFFIRETILNLHALPAVIDLQLQREGAEWDQV,0
MRIWRGLPSQKLDDEVLVVILERHPIGFFKRSPRALVLRAGSWSE,0
MGAVGTRRRRRQEGEQVLAQEQRLGGAGSSSNSSSSRRRRRQ,1
MNAFPSTSCWLPRRQALSAERSGTTPKGKKHL,1
MAATAAKREPRRRRCRQHSRRPEPTLGAVREPRTLSMSRRSPVVSE,1
MVFFGRARQCEEWGGACVVCGCGLGKSRRGP,0
MAEREDAAGVRAALLDAEQSPVALRPL,1
MRPQSPTAWARPRPEPQPRPRRRPRGTL,0
MQIQGFRFCLGFPFLSFLFFFFLQGVRRELGVSTSLPFGSCGKSPCS,0
MSAQSQALTRSTQPREGGRPLPAEP,1
MSTHWLEWEETGSHHIAWAGLGLLTPSDPLASASQAAGFTGRHHRTELKISLICSFPRRLVLSKTENMTTDSF,0
MSTHWLEWEGRVWGRGVPSFLSAQEASRFLHSISFLQYGKDQAFSDHRILRAISTWSKWWLPALGLHN,0
MCVSQVAGPTGAVRSPPDSVPAPLLAICDLGPVILLSLASLIFKMWLMPALGNRCED,0
MSGAGMSGCFGWRGSHFQSFFSLVIPALP,0
MLWGWAWREFFCGSSGVEWSAWCGVRRSSRPVGAEWSHV,0
MRLGTGVEVRGRCICRGVYLLGVQRHQRLGPHSSRLHFSTSFEERAS,0
MSNNGPEDFISSSRKNSRQTARISSNPERR,1
MAGEAAAPRAVRRSAAAARPAGRRGATPGRPAGPREWGCRG,0
MEADDADSPPRRASGSRLRRALGRCCRR,1
MEPRADSLYDVPVGAAAAPSAQRPGQ,1
MGGPRDPVGPMVSSAARSGRCQRARSHV,1
MWPRQTSGIRPCCRGLHFLLSTGPIYEEVAYESVMFAYFLTGSGVILAHCNLRLPGSSDSPASAS,0
MWPRQTSGIRPCCRGLHFLLSTGPIYEEVAYESVMFAYFLTGHSKHRCAGTVCHGSQGAWEAHTHLPSCP,0
MGSARAPPLSRRGAAQPSEHEYIQPCSGTHLHWI,1
MGAAAGMVGFRRVFPASHGPLGSGRFTETRTC,0
MGTRPRLQDISLSLFAASFSVDRVLQGDVEEPQRSCA,1
MESSSRNNTRPVRPPLHWKTAPGRFCRSVPLTEFRLSAWSVVLWSPRTQAACMCLRPHGPNTRTSSGTGRPARPPRSGQ,0
MSDTLMSHGLQKDIPCRRTWLPSDVGKMDSDLQGRSGNQSKPVR,1
MFNHRPNLNKDTSIIIERKTVLFVQLCKLSKYLMEK,1
MHQQESTSRTSSGHSHDQELNFGMCP,1
MGAGPAGARGVREDLRGGAGEKAAGTGPRH,1
MQSPQQQSPDGGQNLPPLPPPRPRPPRARGRAPRSRPRPPATRTSAHSVRTPITGASRAPARSWTPADSTGGP,1
MGAGGRGGGGRGGGGRGCPGGGGGRRRGTRAG,0
MHSGKPHCAVTSCLEKRPGFCILEYTFTFSRAWHRFD,0
MLQLGPPLSERSFAALKLTGEGKASPGV,1
MRPAPSMPCSRTPAPRPAVLVITTQSFFRHPRGSLGVGPCRAAPPLLTLSSQSYRHRWCRTA,0
MKLTGLREARKSPHRSARVMGWTDRLQ,0
MTTNKMAFSPDPTSFPGTHTPSCPQPSACVVPDGSRSPSAAFPLPFLLVRNNGKVKRKEDYKQDGGRGTYT,1
MGRGAAEQEAAPVGVLGPRGSPLWGSGMAGRRT,1
MDTTLLKTCFGTATEFIFCGFMTKLLVVSLF,0
MLAEIHPKAGLQSLQFIMELLYWLLEGGDSEDKEVILSLLKEYFPL,0
MGPGLGPGLTPQRLPCARDWRLGGCVHPQGPQKSLCFQLSGPVTFLRVVIC,0
MMVAGAEGAEKGPRRRWVVRASSGLKRRGQNQVSGGTKGGRR,1
MAQPLPRMPKEPGQRKVAVPGPAYH,1
MHPVLGAWYTGVNQTPFLPSGSSGDCGRTRT,0
MWSGVCPWPWLHRVCFPLGPSGSSSLVFCQGGVRGLTLRRVTCWLERQSSGLDLSFGRF,0
MDRRGGGRGGGGGGGRPGGLEPNRQYL,1
MCVCECARSECVCICVSAVPQVPDVADSMRQAQGDGDQQLSPPLSG,1
MPAPPPPGMRKPTGKRGGEAACAAPPDLAAAG,0
MVKVSVAAAAMASRRRCWDCFALEPASGCPLQWLCYCMDCILDFMCMSQ,0
MARGRGAGSVARVPDAGGPARLSRIVPGRAHRP,1
MRPVRAVPRAWGRSDCFGDAERTFARAPVDVRSAGLRGTEQHETPSSPPGFHTGRREDS,1
MPEAMVDTKGGFPTIRMHLLCFEIATMDSYG,0
MSASWLGPVAGQTNPLLLARGGSRADPRERGSEGQETALLGVRGVGK,1
MATPVGVEHGEQSQAFSDDGKAAWVGKRGLP,1
MATPVGVEHGEQSQAFSDDGWLGGLKVLDEKMLSKR,1
MATPVGVEHGEQSQAFSDDEAFLCLASAETVKSRAPG,0
MATPVGVEHGEQSQAFSDDGAVSLSFQSRKRIL,1
MRIRVDIQASYGAVSLSFQSRKRIL,0
MGSLESLLWKRCIYSATVSTLKIPIGIQNKVTFTDLIVLHSVVSRKQPPTMDPHSGRWLGARPPAEKPSPPAC,0
MGLPLRGPVAARTDTAPLVWGQDAS,1
MKLTEPEFQVMILYGFFGAALDLSSD,0
MLGLNGGRTPECSARFTPRRKDTGS,1
MGWEGPNSRVDDTFWASWRAFAQIGPARSGFRLETLAGLRSRRLKQPKAFCLRDVAP,0
MVAKALHPSGLHHGSSSDSKDTLTPQCSMTRERVSSLLPLSGGSTEDFSSHSVSHS,1
MIISHSKKFGSRVVKRLINLELNSITQDPFSLWWLKLCTLQACTMAAAVTVKTPLHHNAP,0
MSRAAAATAAAATWGRAAAAAAAAGTRGQ,0
MEGHICQSLESAKAGTRFPGPQWGCANPRELGKLGSACSLGYPEGGVRR,1
MEGHICQSLESAKAGTRFPGPQWGCANPRELVAETSTT,1
MEGHICQSLESAKAGTRFPGPQWGCANPRELDCVPTAEC,1
MRAWRCLRYGLYLREMLEVEMKTLALNSSWRTTSFQS,0
MARRFLSRRSSQGYGPRRSGLHQPKGHDRSG,0
MQAFSYMTFFEARFSKDILKVAFLISCLTGWRSSS,0
MVLSNFLHELWWLRHRVYILGQKLNGSTKGNLY,0
MGAVFMRRVWEGGVRFSDKGRGYFVLLRIQ,0
MLFFLYLSSRCRWYLCRRCDGGSREVSLHL,0
MMGNPGLALVAGTPPSRSCPQANSQTSSKSLLGHSAFCSS,1
MSSRRRGERDSVTDTEMNTPVSTGCL,1
MKKEQKRDLTVAERGIFFPRWRLLHDRTRSI,0
MYVLPARGLGGWHRCWDTRDCVLATPRPAPCQPVQLGSRGCGALCLPEVLAAQWHLLQAFGVFP,0
MAVSVAMSKLCILQTLCFPKIGTQKRTDHFLQL,0
MRKRSNSLQVVQPGPPRGVQPARGGPPGGGRGARLGGAP,1
MAGQLIALLYPELLRSGRFGSPLVGSGPEWGGV,0
MLTRRGDRTSLTRVGRVAESGQGVA,1
MHRLWIGPAFFLMTSLSVSGAVIPRNGGPGGVSSGPCLLQLLCGQAGSSTIRKIPS,0
MPWRELGTAEARLADLSVLPGQRRAGPTQGAADRRRKVLDRKGEF,1
MLSKLVSKFWSQAVCLPRSPNVLGLQA,0
MAWTESCTAACAFPSCLVLLYRGRGVPTDLQVPAPLFSTQSKLKRPGFPKTHVT,0
MGQGGVSGEFFRPVGDPSCPHARLDLPYELLFASAAASVTSAPPILFPVVCQLGESRESKRVAFWLSWCPAQAN,0
MALSDVTEVTERKSARSGSVPTTERRE,1
MLGLDELGRSGCGHCTQADLRFGDAAGRDPGQDNDRNTAEPAFPPRPESWRQQPL,1
MGVTIPALLAARSGCESSGVDAAWGKP,1
MQRQRRQPSLRGLKSRRKPRCFPQPWTILQDSFFTLSTCLVRLHRTVVYCPPLLTSSFSLALSVFLFSPSSLPLAITSGK,0
MKPGTHFPGMPSLHSSIPDDFKNVFDQKTDNLPRKSKLVVGGKVFAEVCMVSQPRPCFQR,0
MVAACTLGSLVWCSQQSRQPWAPMALRVRA,0
MAGRLALAAARAPGLVFISVSFVLRGPACVAL,0
MKPLRGESRARGGGEPARVRSSALFWRST,0
MRTGLQPSQAPWLLSWMLSVLRFTMRIVFPALAPDPYYSVN,0
MNLLNVGELLLICCISSNVQVMLKRNPVLLRSIDKPLAR,0
MWVPTKIPPLSPQLLTPGSVDTGFHHVGQAGLELVTSGDAPALASQSAGITGPDFEQISLEIEQSCAWIPPQ,1
MGRWRVSSVESWPFASTGGKLAIATAGTGTQAAPRPFLIRPPDSWALALALM,0
MKEPSADPESVTHGSQRGVQEMEGAMFEQSGPQPEGQC,1
MPLFNTCHFQMRDVRATAVSVLFWIRLWSGRP,0
MCDYHGEESLSGGLAKETLLPPGSLLICADEISFLFLVSGFCWKLDYICAVFYLYRIMQRKGL,0
MEKDRCTLLGLEKKTKMSKRDAPSVL,1
MALSPVVPVQEQNFPTVKNRASLDK,1
MVTASPASPPGGEDAACLARRLAPGLTVGPRALRTEVPGAGPRGNGH,1
MHLLLLPVIFLPWVLPQHKHTSATPGFSSEKQFMSETENQTANVKFY,0
MDGNGLFGEETQTVDARQGDLAVKGFDETCPVLSGESE,1
MRRTSRDGKPRREGPSLVTWRAGAAADPL,1
MITKVVFLRAKLIHCVPDVLTPAISPSVGNSSA,0
MEGAKGRGAGVRVCASANAREAGLE,1
MCGGWDPVAHPCRSCPSHARRRVFVVTPCCHLFSSLCEDLDWQ,0
MPRFFFRCGLVWAQGPSSQLKLTLL,0
MCCEQGEPQLPQAVQDRRVFLKAGASFEEVPIRLHLVDYSGAATKRDEQACVEIE,1
MTLIDSKASLICQAEGALLVFLGLFQRGQLSSGK,0
MNNFIFLKFMTLGTSRTGGLCNLRPVGTVQRSEY,0
MGLGDSECWEVCEISLRGSGRATPCFRRSCASSPQDPSGTQHCRPAGDNLCGSPESSE,1
MAAEQGRWRRRLRLRPETAVLAVVVGGRGL,0
MPDVIVCSRFGWQPGGWEMRRPPAAKNRREG,0
MAAALVVAVDGAAGPGTVGAAASRRMTQDGKRAAEPRRFPCL,1
MEIPRPGEGEHSWRKSAAETALAGLSTQACESGDTKTSKKGPVPRMCPLTER,1
MAAAPAAGAIWATAAAKAAAGPTGGLHGGSRGWP,1
MKSCLLACPESPQITTGPSTAAIRTGGLAIARNHPAGVQLIFSSVGREILWSAFKGFLL,0
MSFHRNVGEVRPEHKSKGWEKVCNTQFI,1
MVLGADAVWLWIAPYGQLCPQGRMRIATEVLKSKPNSSHWHTGMESRLDYTVWSKF,0
MVLGADAVWLWIAPYGQLCPQGRMRIATEVLKSKPNSSHWHTGETPLFCTSHF,0
MAETSSSPFSSSLVPPARRRERSTAADPAQALPLSQPSRHTMGPEAGLLHSSDDAGGGPSDSQLPP,1
MVSARGGAGGAAAAADATAAAAAAAAPAPASRR,1
MGKAYIVDIFQALVLDLEKEAVELEIAMLFRVNVCRYWGKGRDQSKNGSGLKFIFHFLLSL,0
MGKAYIVDIFQALVLDLEKEAVELEIAMLFRIWGYSLPKKFLEN,0
MGLPVGGSVFAVPGRSGEPWEEVLRRPSLGSPQD,1
MSEEPGKSRWKNLKTAGALLLPQERHRRPPPHAPSAPPGAP,1
MGHGMRRRPQQAPAAPAPAPGPAAAAAAPALPPPGEALQP,1
MHSVFFLPFLFFFFPGSELLMQIGLYSLMMQPDSFQDYVARVEF,0
MGSNGMTIPREHCEGERRLRDCTFWGPPGESEGS,1
MPLAQGCEEGGEVAARAARAAAAAAAACVL,1
MPPLLPSPPPGSSATGCTAVADSWT,1
MVLLLLPRVPHATSEICTQSFLLSHSAILTTLKKK,0
MIGRRGLDGPGKEPGACGDPASASTPGRAGWEDEDGCPGLPPPQEGFRPDAGRELQAVSSICKGLNNKNSDFGSGASR,1
MVLLLAGLGPGSKPPLPPALELLLRVCHSGLPVAGREELLHRQGFSSRNPTDNLNLNL,0
MFLGNSLETLTNRILVSLASVFLLPPRKGAGLCSRQDRRAPHAYTSLPELSPRASGPCLETGLAL,0
MRSLPNEMMGRGARSCPTTCFPGPDSTRAFWAPTRDPQ,1
MSILMKEQLMLSGNLMKKELCLYYSSSRKVTYHMFRTKVHFYVEL,0
MKEAVPPGCTKSPSHFSEGFDRWALEETPPSTARTGKHTPLCLPGRATEIGTSLSEAEEKAVNLPKQP,1
MAAEAFGANWERSTRFLEHGQRRQEQA,1
MRIRVTLTPRFPPLDWFYCGSGLISMSCCGAFTAFGL,0
MCDWALEETGASALSWPRAAGAGVGGPCVLDL,1
MLTCKVKKPVVLRVFFWGSVWDPVRVESLFK,0
MAVAGAADQEAWESVPFPTGPLEVGASAESQTTPPGGPS,1
MAEGDTHRLKADCDSPYPHKAILTP,1
MRPAAVAPASAGAAAAEAAAEAAATAAPPPADLD,1
MAQSAPPKSRSWFGPSPDCESEAHGPCRPGLGGSQA,1
MAEPGVRRPRRRRRRRRRRRRPLSARASGP,1
MQEPSAVVGEVSAGAALPPGPGADPSDFPSVPSPLEPQPCLGTR,1
MPLGVSHDCRPMCVRGVLWESMDPEVPGLSADLCPVCPVAPGDVSSRRG,0
MQRNSTGRGRGQGAGVFMADNPRLSAWPEFL,1
MSPREAKPLELVSDSQMSSPALSKACCLQKRRARRMEITSER,1
MLGRYPLSHKDGNKSLPPTVQTKNSLQQDIS,1
MGRADTPRHPPPPAAGFGVHRGAFLIPVALRVLLAGRTPRPFTPGLADPRRLGPRRVQAAQ,0
MASLLCQSGVPSSQKCHMMDKRLGEKKKKGDLSRTQKQEL,1
MPPCPARTTPPRAVQPPPRHPSRPSSVPQSHIATEAPTGSCPRS,1
MRQSLRELWQHQVTVPEVNRREKSLLSAVRPVSCRREYSQRSLWPSRTTLPPMRPSSVF,0
MERPQRSGAARERKAAVSWEPRKPQGRQLASE,1
MSAPAAGRRGQLGISRSLWGGGHSDV,1
MEMILDKKQLQVVFLFEFKMGHNAAEIT,0
MLAAGDPRSPDRSRAGQPATMVALRPVQQLQGG,0
MAAARARAQRRARPGRHRALAADVQRISMLAWSRN,0
MSASQSTKLSLLGWIMQGKLPFFTNFL,0
MILLKVCSAASLLGEGFMNQVTSTNKASLSLLSLTMKVAVNKGKKERELFIPFQFQ,0
MFHVIMLELRSFHYFAPNQKTLFPVYRIGVIFENNWLMFKTEDCHDCLS,0
MRCRLSVPPLCKLNLMTCSFLKTAVEEVLGVFIEPNGYHRTRRWL,0
MSRLGIILRHHLASPASHFKVITGSGLPLKGILMLTTSPRRA,0
MFADRKSKLSRNSEHWVLVIWTSLKHL,1
MGAGASRLLQPPEEGEPGAVASELGLSSPRGERAKTAAAAG,0
MFFKVGFAGRSRPLLRLSEELCAVAGVSSFSQASLMVLMQRETKTSLF,0
MLVSMAGPRSQDERKCCCEDPIKAFT,1
MPILLIYFQTQRKVHGQFVGHLIQGPQFVRGEVGMQKYFDL,0
MRGAPEEERASDRPAPPLFWGRPPL,1
MVSARAGCHREAGGRLRESSPSRSGLKAPQVNGE,1
MKWPQMIRRPQHWTLLMICLDLLLVLLISHTLNL,0
MRLPPALGLEIGKLRPREAKRLCLSKTTRPPARKISVFLLWCPPVSYLTLPSRR,0
MAHPGLWAPRPGWALPGVGLSLARPLKLRYALLLRRDGRGSGGCPKMGWGWRKWPGSRCVS,0
MIRWAPSASPGRAHSPWTSSSVASDRP,1
MPARTAGPGASYAAAASRAAGARRFPAGGRGGAPQEAGTPGGGAPRRPA,1
MSLSLRPVPSCSGCPVSFRMEKPLSPPAEMGPDGGCRGRARGRRQQQQQQQQQQQQPQRRGLCD,1
MLRREPLKQNLTCKTQEPRSFKNSEVEGHRLLVLGSDIRRRA,0
MIGDIATNLYTQQLRGLQAEQQVRGSGRGAE,1
MVKNGGDRRNIQSPADCRDALGCPDPCGS,1
MLTSCEMTKDLAAEGKRKNNGIFSVYNWLNLWMWKLQIQMESRLY,0
MLQRDEAAAEEVAAAESATALGWREGGIGGGGGVRGRAV,1
MKVRNSRIPGDNTSANSAQAEQAVGGERHRAEKHPHLESQEGLTSERLSKYSFEGY,1
MPFLCPSSPGTDISSAGCCSWCPSSKPLLGISARFTLGCFLRRESAPLLHDGIFLPCRNGLSLISTYFHV,0
MSRGTIPAMKRECQYNSHKGSSCGPQTKNHCITSADCIGEKGAGTEKPEINHLSFLEKRMLRLSRFG,0
MLTSSESLKILLWPDSRLVGERLFPRQER,0
MGLLRPLRTCEAFAVRWRRPSFLPPRSSLRL,0
MRDRHYFPALHEGLVRGTTWAAPAETAGTSRDAAGLKHARERKTNIKMKCLIQGHTMSGMDLQISLLVRRGLVTQWLRM,0
MRKTNIKMKCLIQGHTMSGMDLQISLLTCIILWIPE,0
MYFSIPTPYSGSLASKLRSLAFAPGAGTRGRI,0
MIRFLHQILSLIRKIPFCQPNEAFKEDI,0
MTDSPLRGDSSSAVAAETDERRLLAAGP,1
MCSLYTSDVPDYNSLLRFELDLRIWRIPAAL,0
MRSCCGPRVTVKDPAAALGPPRPLRLRGAAGARRA,0
MEFCSVLLALLSQRNPRQQMPIRSV,0
MPPRPHRPRRGSRSAARERATAGPGCS,1
MFPESPGSVRPRSRAAWGVSSAPGPFGPHTH,1
MPARPPACRVRPFPPGLPGQRIRLCRYRFLTLRTR,0
MGLIPFRKTLTCTHPAPPSPRRAALQPPPPPQ,1
MLFLLTISGQNYKQDFADRACVLPKQGAESMRTAI,0
MEIVFTVTVSFLTAGTDVVLNTVVYRWHSTRTL,0
MTRKGRGMQEVEELSETGKVVKQHRVGEALRVVVLVWAGSLGVDEAWFWVGGATTGRCLLWKCLPARFCPGAWGIVL,0
MLRHVKKFEEGNFAAFLAWLPGVASKFGGVNRCCHVSFAKLHRRCVPKHGHRQERGPAQAAAQE,0
MGVSSWLWKSILLPCPEATRRLSSSLPSR,0
MTKALPQFIFLPVYFPFAFLESCCITEAGSSDVPLKSQWKVLT,0
MCHGTHAVALCGFMKEEAGHATLPPQAKEKYHF,1
MCGFPRLLPRGGYTVFQCATELTQWHFVAS,0
MRTSRISFVGKESLFKDVHWPSREELLLQLKIGLELTGDLALDGRKRCSCRFGSSHTGGRGKLAVCSS,0
MEAAAAAAAGSRCAPSTAAREVGKFAARRPKARGAAPLCRELSPI,1
MEGHFVPRRPRHPREDVKRNDPFRVITGWRWSFMTKMKVNMMWKIQRWKQQAKDAGAERWNLGYS,0
MVTVRWSAAHLIHYSFLNPGETITSEKYAQQIGKMHRKLQYLLPALVNRKGPILLHDNT,0
MRRASSRPRAFAENEPRRSLAAAARAASMAARPAPRGG,0
MRLEPRSLEEPRAFLLWDNHTSNSLK,1
MDKDAALRGIPVCLTLRAPFCFKTCWMLLFSEF,0
MWLKWRRRRGLEAEGLVVLKTRGRRARLPGRRPAPLGNRELLAAGWGPSSQWRPPPCLLA,0
MIPLVCRLRECLELFGGRCRTVTSQSAARSRCLVLKSSLRP,0
MSPDRNIECKATGFTETTIYDLLFCKSVDSFYQLLISSSGSKSIT,0
MIKFEWMRSCFLGMSKESCSLRAGQFLWLYPLRKHREVCEVKTIVMIARCLSFSFILTVCRGYMMCDDILIDVNEWCYT,0
MWFCACADGCLLTPRSVPGLVAGLQG,0
MPGIKMAAWDRSQPLRPLPEEPRPVCYTQLIGSSITERKGNMRMTSVTNMAFWTGSIVCLASTQGMLMV,0
MISAGCGVSAAGRELSAPRPLRTDARLPAEEKEATNKTL,1
MGFSCAPPGVWPSPESRGASFRGAIAEARGRVPGWGLQGKAAAAAAGAPPGSGTGELPPASRCQYGQNSL,1
MAVSTAFPSSSAWPQKVSVLPGGGPTSACHHGV,1
MSITCWMRLCSSPPLSEWSVSINWTP,0
MSGPCIWIYLPVQMDRRAPVPAKGLYLGG,0
MLQCCNVSATKGEKRPRSQTKHKNWRVTHLLGYLQSPNCVPGVFLAEAARCLSLFFPEKKMD,0
MTTPSSGTAAVSSASSSVVHGCPGSRPVEIESRVSGVE,1
MSGGTKESVETLQGLGDRSLKRKKAKQINKTHPP,1
MTRKPRLAVASSMAPAQSEKEVGTP,1
MFLTAHPVIPPCTKVAIPADKQDNY,0
MDPFQTWCLFYKLCASTTISKCFSASQQSK,1
MLVATGQCSRCFMFTFSTFSFNCHNSEVDSVRDRLPQDHSAPANSMQLTLTLNTLQLHS,0
MCGCRELAAQQRSERRRGPGPQTLAAAAAAETAGRGPEA,1
MRSREAGPKLRRIQEPANGSPGAVSETGGYREERLSDAEIMGKLLAWLAVGM,0
MLTAPGDRRAGEPCSVAPRSASAAVRVAYRS,1
MLEAALRLPWGLCIGSCFSHQRICAEWNFSILLSF,0
MDKRAGTKTARHSFPPTVDADAGRRRAPERGAGSGGAENT,1
MRTPGGGEPQREELGAEAQAMLSPGCS,1
MQLPGLGLGIEREEEEERRRLGGMRWGTAAGRSASDCFARKRGGCSE,1
MDQTPQRWHHDARPLRASPDVRGAPRSGRL,1
MATNFLNKEDRTLNRRISHLQGTLPFILHFVTNLQNSINWVGFHPFLAKFLKLNPLVRV,0
MHARFPLIARTRDHYTWIPKINMAVAVR,0
MGLRFVCGASGERWRSLSPIVCALRAWPSPWKDRGLRGPTLGG,0
MQVPAARDRSQTGVFRISHQGCTSGGVLGLDLVISRRDFRWILKLNTLGMVFQ,0
MLRLLNIQTAFWLIIFRRLDFWISTPLHLY,0
MPHPYSRNENNGGRGAEDSSMQLTTRRFVRLQYDRECK,1
MDEMPNLRSRGGVENEKSFTAVETC,1
MVTVRAGPLPLPLPPPPQKQHPRLGAEEPPL,1
MGERKPRGAQEQRPQQDLHPEPQEQPQRPKLHPAKEQKTGPGTAETSLQSSFH,1
MDSSWEALLLCSSWTMFLINICLSA,0
MGRSGRRCCPPPARARLETCHGQPPAAGPRVTLAAPESVARARGHAAEPSVQ,1
MKTRGARRRRRRRRWRRRRRRGGEGSGGRSEEGEAGGREGGRA,1
MKGGNGPLRGALKSAVGGEGPGHTPSPPDSSPSGSAQPWTLDLDKKREAALWWI,1
MCSLLCCILSSLTTVPSTQRALPVYLLSK,0
MNSPRPEPLAEWTPSRPQVARSGLSGSRKLQ,1
MSRTEPGKLPVRFQRPRARRGGRCGNPSGM,1
MATSSAPAGVRTRYAGVFVRTPNGFGGPSSPSESRVNTESFGTGIK,1
MEDRWTAVWPVTSPLKPLESGPLSSAGHIIGILTHSLNSLFIKT,0
MARGHRGQPGVRLPFAARALQWSLGPPASVSA,0
MHCFYPPEMVGNPEAMTGTPESLGNYPLSNLKRAGAAE,1
MDPPGPGGKRPGRRRPRRHQQRQDGADAAGP,1
MFTSSEQEHVPKLNFGSPTLHSKSSTT,1
MALAVAAAAEAQAAAAAVEARAGAAAAAAPRGV,1
MPVVLRVPKFRGPLIPLSPLQERKG,0
MMTDAGLGDTPHSPCHSGVIRHPRV,1
MTIFARLHCTFSQVSSLSLMCDTSSWTRYFS,0
MHCSCCGSSSWRPNGWRFPAASWTISAADLFCIFPARKETMQSECVFRLNLPIGFTWISTCRTHQDYLSVG,0
MRRNLQGITTDSESAVICMHNMECS,0
MQLPGEREPVSYVRAAAAAEPPPGRSSRCRPGLGP,0
MRAAPLGKISRCPSRALSSVIGSGSLCQAAGRIKETTRRRSALSRLAPCGLLFPSLRPGETELIIVTGL,0
MRGPFVSGRGSDPREAEPSHPAACPKPGAGRGHFSRKLRRSRHSVPQRCGKPASPSPRRRFLTLRSVGASEGRSCARRTG,0
MIQKREPGMLCSSLPVGSGEAGGVAGLDGRHENS,1
MGKSKGHDDRLRRGAAQRAGGPGVHLP,1
MWIPKYREEILVLAAFPGMLPELKAVTWSCPEEPFLEAGLDEGFPADGIGLLELALELEPFMWPL,0
MIPHEEPGSPTEIKCDFPFIRLKSEPSRQ,0
MSPAQRDRVVMRLKGTAAVKKHALQFMKHWINIRNGIKACCLLKKY,0
MKVWGLAAACFLLQHHGMPAQFTLPPAPRDETSPADAVCPGLGRDLCGSSRCCLRPPSQPDWKEPSGAALRARPAPRGR,0
MTGPAYRAEHDQQQSEWKSACDLREPDGRWSSGSTHGFLFNPSDFPKPSALRFRSKCGTRPGCVGGTRPEAAGE,1
MRIERDWPRSLQPDAGGTWGNVEKPRSGT,1
MNRTEANIKASQPKVLWCRQDSKRTDYLVEPSIVLLLQH,0
MKDYIRQPDAGFCDSRKRGSWAQGEHTRRSRQSLRDSPPTPNPLPRSHPKGDFKKMEGSHGSHS,1
MRGSENCGEGRLERRFLRNSEIPTTSSLRGI,0
MSFCFIFQVSLSPSGAFFGGASEGGQSLRI,0
MAARSSSGVAAAEGAAALAAAETAAVTVAAAARDLGLGE,1
MPPVVLSSDCRQMESCAEPESSKKQPTICDHHKMCPDGS,1
MATGMRDSTALTFFLATAMAVQWMEMERTVFLRMRPLNTQLELWLCLRKPHL,0
MGSRGPRGTGPGKRRRRRRRSRSPGEA,1
MAKAFRRRCFKMGSLDPVLKLSCSKAALCAIRINEGEGFCVEKRLGV,0
MSGKFREGLHGAMLPGLFRGRPRAALRLRQKDSCGRWNSLSIFQNVFPSPSMGPDTAVLC,0
MFPPRNTPALEKGLSSQLHLQTTEEPQGQTKPNQFWPVA,1
MGEDPEAASVSRQEHVVDQRETRGS,1
MEVLGCGAAGCGCAQGDGMESLSWHSYK,1
MGLWMHLDVCNEHCGWHAPVFWIPMHRTP,0
MVHISTNSIDAVRASDLKHICINEE,0
MDGDSSPSLRRRPSLGGRTPLRSVSEDPGPLLGIALISQALQREARSAGPRGLRSED,1
MSTTRTPRRSGASGPKMVADQTSGISRPPTAGIGTSRLCLGDRQVVPLWFFRRCLPGGILTLSL,0
MPAAVMSPRRRWLFGGSEERLLLLLLLLVAPLQKSSKNSAVGSVR,0
MSGSYWSCQAHTAAQEELLFELSVNVGKRNARAAG,0
MSVPVVSAPPFCPPAEGSRDGRPKASVARPAAVHEHHSPRDCGHLPDVLRSSLGGWQPH,1
MGLSVLLPLCLLGPGRFTSGQKPLDTPGLGAAVLSVRKAGLKMRSHLTPSVCTVPSPGS,0
MRLPPALPSGYTDSTALEGLVYYLNQKLLFSSPASALLFFARPCVFCFKASKMGPQFENYPTFPTYSPLPIIPFQLHGRF,0
MCRGIQTLENVPPEFPASSKETRASMEPPLVAGGLSPRGIHHCRPLGGTNLEMGLVERGIEKSRRAYK,1
MCVEDQATWRLAPREDGGAPHDSRLPSCPAGAGRGRVRVRP,1
MHERAYWFQIPHLGTGIGGLFSKLLVLIAPAFQITSGNLWEEPRGWKMFLSFAKGRKLCHPAGDLSHE,0
MKPAWKIPSLETEPDRGRCTGRTLSGFSNQAAILAPQVWDFWVFSWLASC,0
MFLLNLEGSFCSLSPSVAFRLIEVQILRKSPAKCSKYKILS,0
MPFEQCHLSWKNVRRLYKPCLRSWLESFCNLFNLIKRPLILSA,0
MFLLNLEGSFCSLSPSVAFSPVRCKASLVDRHC,0
MAARPSRATGPRGGQRSRVKPPPGRRLKEQLPPLAAARAVFAAATAVAMRRG,0
MPSGARARLPAPLAPSRGVRLLGLRKTS,1
MAAVAAAAREEAVPRSGAPSAAAESGSGPSWRTRTETSGSRTAT,1
MLPQNLPRVFFSFTHELHNCRFEHNVCRLC,0
MGYMCKEYRLLVKPEVLLYFLGDPGRPC,0
MLFVAWCFCCSQDNLPLMIFKRVVL,0
MLFVAWCFCCSQDVCHTSHSRESLSPGEGFLRLRVLAAVVFQLSGRFAFPHGHSGPCSSSSFPVY,0
MRRAARVRHRYPGTINFQVDTMSGVNYSCSPSFPSILWVQ,0
MIELKGRSKTWKMNIEGKVKMEKRRGFILRTVTRTLRIAASRSIVYMQKCTVPGVKLLVFDF,0
MKGLHSAWIAASRSIVYMQKCTVPGVKLLVFDF,0
MTAFLQSRNYVWPGSHPLSQFQLSPNWNVSLQTPILIKGQRLLIHLGWILYSWRDCREGAVS,0
MGGKGRKRTRIQTGEFADLRVPLRFPAGSAARVYFLFSDPATASLNCLNENVLGSESTTHLAFHTTLLDHVGVETG,0
MIRVLMILLLAYQLLHFHFQKMIRALK,0
MHQLMMTAESGRAEDPKSFPRLAENKLPGRRMRRQETNCLES,1
MQLAPEPGPARHQGYSRLLGLPGLPALQLPSAPGFWLLMLQTIKYWSIELKNRLKPGFYLIS,0
MVFLRLERQVRTGSRTEVWQKQRVLGSNRRGCH,0
MSLLNSPCTWQPASYCSRHCRLFAYRMGVTV,0
MPLVCPLRCPLPSLAAARAGRGGTAEPTPSNSP,1
MPKSRKLQRVSSRVGTIFRFHLPKLEMSMRGN,0
MAAAMLGPGAVCAQRAAARPGRLARRRR,1
MPGAGPEPPRVSRVVAAAGSCALRTEVASLGRTAVSRRGGKPALERERTGRGTGRRRDRTAPESPT,1
MGHPLPPPLPPPPPPPPPSAVSMARRRRRSASSATQVHK,1
MEDGRKERSGRDICLGEQCICTFPECCQGQI,1
MRSVTAGSPAGAGRRQAQGARLSGSPD,1
MGMKVKTWRFHFSHCFCLQDHPLKVEKLLCVVVNSKRQNSF,0
MFLNEGMSSGLSRAPHPASYSGGGVA,1
MAFEKVCLIPGCFSWVSSSGTSSLSSQQECGTFYRLIKIKDMFFGQQPELKICWNRVRDHFSCS,0
MPGLQALLVVALHSHPAEEDLLDWIFSGFLSDIVLYLPMKTLFFGLCK,0
MQCPPQGGQESLRSGGAARERNVISAVTTGAVVPVRSISVTKLM,1
MVNWFPASENLVFHGVKLTQHQDKG,0
MTRPMCGAIEKFIGKLEDISINRLFWFL,0
MAAGKRRKETISRPAASSPKYEKKIIRNSAGGVEAADGPEGGC,1
MFSRFASPTRKLATCRVLEVETIWGLLAAVQQIYL,0
MFSFKQQEDSSLAITVTAVYIVMSRKGPCLP,0
MQVLQGRIIAENLQRTLSADVLNTSENRD,1
MGSEAPASGCSGAVRSSQREAAASR,1
MWIYSFWRYNGKETAVSLAVWPRLECPAGLKFLTSSDLPPKVLRLQV,0
MALQGCGLRPHRESTARGSPKSEVLGER,1
MSATPATPRGKKSLPGVDSMTFPSCAPRCLDRV,1
MLRSRVGDWAVGYRPGKHAASKAAFLREICVTLLPSVYRPCTSPGRFFHNLNLSSPGIQLQQLRAFHVTPGARRRLV,0
MQENYSPLLARPGCEIFSPALSRALCNPKMKDRRGES,1
MRPPCARSPEGQGHPQARPLAPPAGPEVRDAGAAAERAPGRRLPPGSAAGSQA,1
MRGPGPTPSPTPSPSPSRSPSETPSPSPSATPGAARLPRRRRRARGAL,0
MKLSPGLLGRRECAGAAWERREECR,1
METAKAVLECPEQPSESSLCPRVSE,1
MESRRRGIPAVEGQWIGARGLQLAWGSCLGFGRWGPVAHPFRSCPKWSWNWMLVTKTCWPSC,0
MYVTDPESPAAWDPCLPSVSPAELWN,1
MTSVNGKNKTKMLYGQSHKGKDPQFTFLELSSVLYCCDLLIGIGIVVGVK,0
MERTKLKCCMAKATKGRIHNLHSWSYHLYCTVVIY,0
MVCISSEALKKYQVGFDIAVVRATPPHLENWEMWILRDRAVHELQAVLLALVLGR,0
MNGGRGDREPDPWEVGACRGMRLALPGAWRPRG,0
MIHQGIVVLVSWESLHHAKSEIISDPGVQGYSRSRESSVLLSPN,0
MVQWKNWPESLEVWVLVLAVPLTHCDLGILCCEDISQVLHVSQQI,0
MVRPVAVAAAVAEASLVGLQRGEDD,1
MELRAADREPPANPSLHARLAFGREMRQWNLEGR,1
MLQASAAARAQPRTSAPASASWAMPCCLHAGEVPGRSEPLRAPAPRG,0
MEQKECQDPAQADAGQPQHRQPTRR,1
MASRLCGGALWYVCPCPSGAWMVPGTQLATS,0
MEGGCSPPIPHAGHRWKCQTVRVHA,0
MDTVSTWGLRYVAAALSFISTSQTFDLPTLSSLLMKLKLLCDAYCPRSFC,1
MVSARWFILELDLFKTDKCWYFIFYKWTIISFLKTTT,0
MWRSSARASVVMTVFALRGEGMCDHFQRLTCIPQIVWMSYNLNLQTQYSQTLGSDSLQASCTSPRKRACFPLDM,0
MTMWTLSFQGFLEPLQSLGARLLSGNCRIFLLTPACLAPAAPVESTDASSASSLGKSGVVSRRA,0
MLGGGGALLWRLGRGGVCSESLCVTRALPRKGRAGVMTMVTPGGEFVTSPARRDSMSMAMVAWWKGRN,0
MPGTAAAVAAAAAAATATAATAAGPGPGWGLESLQWG,1
MTPFPWCIHIIVHLVKTMKIIYNATLLFLVS,0
MDEKMLVLWVVALSGISTLFFAADHLVVCECTYRFGRE,0
MFLQKELVCSPLIADQLPWVLLMTQESFA,0
MAVGGTAVITRRLLGRSGFSFQVTIRKAKFAV,0
MQLAPCRMGHGILNMRQIADQLPWVLLMTQESFA,0
MVMTSDRASTRLRQDSMVLTRADRPPI,1
MKPWPSVTQRWGVLALSDTAPLWGTLSACLVQEALGLMGDSARQCQSWDWA,0
