orf_sequence,Average_spot_disorder,hydrophobicity,Stability
MLPRLVSNLVSWAQAIRPPRPPTVLGFQA,0.443096552,0.234482759,0
MGIVLLDPTCNRWMLLHADYFFKPVLF,0.120896296,0.733333333,0
MLAGTSGEHGLCYCGSSTTGPRPGSPSLLAWLPDRAGRLRLPAEEAREPRAPGRPGAPPS,0.591163333,-0.58,1
MAEEQTPGTTLRLGFRPRHWILLVKIKSFGCLTVKMV,0.253575676,0.175675676,0
MAAATVTVTKTAAAATAFNKAVWFTPCSCQETSVWLFNFS,0.2134425,0.56,0
MAYVVIPGFLALSGGFITLNGFEPMKVYSLKKTDSPSCEL,0.1459675,0.49,0
MRGRDRGETMGMWAREPRSGLAAPPSPAE,0.905458621,-1.068965517,1
MASLAPHRPLPEGGSLPAQPGAPEISLEQAPERDYP,0.942266667,-0.661111111,1
MWICPVMDGSTEARLGKFSLEDTRGRKTSKRRLFLLIFWRSFWRGTFGM,0.11242449,-0.271428571,0
MGTWLPRVAELWEEKPVCLCIASLQR,0.187192308,0.184615385,0
MSAIWLQVCFSPRHSDGEGSRHLLASG,0.513874074,-0.1,0
MNNNIYYQSSNLVCLELEYSCLRHILEELEKSK,0.221536364,-0.445454545,0
MGRRPSRDLRSSGAAATPRTVQNFLPTKKSK,0.917622581,-1.087096774,1
MSPSRPTENETALQQIGWKELGLFSLFFTLERACKHCSF,0.262120513,-0.243589744,0
MLPAPDPSRGGSGPPVESRRPGTRVSPT,0.960675,-0.946428571,1
MTYPRHLFGHTSVLGSSFLGGFGPGTFPVSAHCRFIHNCQGGTAFNFTVLEAAKRILLQCKEEMANG,0.101661194,0.086567164,0
MKANSPTEVAGTFLDEGSLLRLCLENPQSAAS,0.419165625,-0.121875,1
MVQGPVQTPALTIHRRKRRRRRRRRPSGGTQQALLPAPAVAASES,0.837175556,-0.935555556,1
MYSDLNPEFSLMVKRLRNHEWRISSPHFLGCSNCSTENHSIRRHSFFNVCC,0.138515686,-0.509803922,0
MPRPHGSHGGSRRSRRPTRAADTKGC,0.941334615,-1.653846154,1
MINDLMINLDASSHASGHPTGNDTPAPGIRLSST,0.814517647,-0.291176471,1
MKRMACPEDSQIHPSNRLHCRRQSGFILYSPCRLPSS,0.365556757,-0.727027027,0
MLHHRSVPPPFRGPPEKLSDRILGETALD,0.777427586,-0.637931034,1
MEWAGKQRDFQGSGFAESRNDHDCQQEFQHHPRSWWH,0.594027027,-1.721621622,1
MRCGAARCPPAPSRQPRRPRGPGQGRGRRPEPR,0.936778788,-1.781818182,1
MGVFVCICVGRAFGGKVTGSSEAAGEQGSR,0.67432,0.33,0
MFGLFPPKQPIFKTWTLGLAPGHLSLYQDSTSVLPTSSSDSWYPLGWRLLIFLPN,0.111105455,0.12,0
MGSGVAADTGSGKVSQTYTSGRAAAGYP,0.924103571,-0.285714286,1
MRGANRAPPPPPRPGLGPGPGPGGSRACERWGRRPCRRTPGRRPLRSDDGI,0.832713725,-1.37254902,1
MPNCILGALGLNLELSCQATSHDFTAEPVHVCVRGEIQASRCRLVPSYLGSRALSWDLGSCA,0.122779032,0.259677419,0
MGPKRPKPRSPQTAGPASPPGPGCLGSA,0.954689286,-0.878571429,1
MRTMGRPLGQPTCDNGGLRLPCGEHK,0.687657692,-0.869230769,1
MKKSSLLLLLLLLLLRVPASSCQGGQPASSRRGARELKESQFPQNCCSEKRSLLL,0.621223636,-0.078181818,0
MRQTCAARDVARARTREPMGTLEGFETRH,0.754906897,-0.986206897,1
MSCILICLTVHVFHLQPFACVQPTVCLQFLNCTSCVS,0.257702703,1.297297297,0
MQISTQKTEKEPVVMEWAGVKDWVPGS,0.331948148,-0.540740741,1
MRQGRFPIRAPTCPQSLERDSNPASMSRSLQPPSS,0.908148571,-1,1
MASLAAMLELSLFGARPAPGPPSVAAS,0.792518519,0.748148148,0
MFSPQELTGEGMGQDPSLCKASVTVMFQVFLMTVCLYLTVLLTNNLLGSKGQHLLSKAQEEFEEN,0.518096923,0.135384615,0
MSYWAPVCRIYAHVGTEESSVVAMFSPQELTGEGMGQDPSLCKASVTVMFQHLIIYPGEFSCLPG,0.129633846,0.236923077,0
MSYWAPVCRIYAHVGTEESSVVAMFSPQELTGEGMGQDPSLCKASVTVMFQVGVHGLCSYRGDLVDNHSMMNTK,0.134137838,-0.010810811,0
MGAGVVGGHGGAAPKRAKLGSPPLPQEA,0.945907143,-0.2,1
MKQTGDTSGENLQLANPQSVGLWLPVLPSLPHGEDELAEQTGLPGPWAPYTSRGQSPNPSHG,0.639216129,-0.741935484,1
MPPTGTRPVPRACLPARPLGAILGQEWGPGPRP,0.52609697,-0.418181818,1
MVAETGGVGDVSRGRVASVGTLGAEQLPH,0.806865517,0.093103448,1
MGRHCASGGSGHRWNPRPGLGALRAPTHGPAGPARAG,0.904554054,-0.745945946,0
MAASYSVASASRLTGLLGKASSGGASRCAA,0.85275,0.41,0
MQMRLLLEWRVYLRLTCATKDGMARECPTTWLSPPAKPDFAQRHSVKPTALQGGRWSRLGASP,0.284606349,-0.471428571,0
MSPHLILPRPVGRVVILGLEMRKPRLGEMKRCTATERLLCNEAKANVLFLAAVV,0.092825926,0.337037037,0
MVSPSSRCRFGLLGTIWLDPESAWNRDRDLSGPAAGSSLVVAVVRGLRWLPGLV,0.120083333,0.225925926,0
MLGDLFLWLLMPRKDSGPQDSPKLEFEYCSLAV,0.333921212,0.03030303,0
MGPQVCAPYSPPITYQRALQELLTNRLSMVLHSRINCTSVCAKSTRHWRNSRNNTWYRHMDLSGKRSR,0.143286765,-0.775,0
MTRPTIVSSCLWAVRQLVGTRSNPRFFLQYSGYNLSWLL,0.099851282,0.133333333,0
MSSYLTSEPRWAGNRGLGPAGAARKRGNSERSVFSLWFLSPASRTAGPAATWTGIQRILQVQLHRLAFPDAPKPAPRTE,0.356439241,-0.486075949,0
MPPGTRACRVPRPGRRAPRPRRDGEPGGHGVAPASAEEVGARPGLRAVARLLPQQHLQAGGEGSER,0.785595455,-0.939393939,1
MSSSRCLDPECGGNISGEALTPKAVQAQCGGCFSGESSRLAQPGAPSSWPKSYPSS,0.733601786,-0.4625,1
MPVDDEASEDDTDSFFSNSPRTFIFQ,0.838976923,-0.776923077,1
MCRRQNAKLTLQGATAGARDQPAVSHPSIQGIYCTVLFLEVRHTRLLYKRKIPGAQKRKGLHFESPLEC,0.290872464,-0.427536232,0
MLTTQDLKQSSVLMSYRIHVEVNVTL,0.247511538,0.207692308,0
MGQERASLVPTRVARVSSTPEESPPGGAGGEEAGEVRG,0.93525,-0.7,1
MTAAPLLPPPARPPLAAGWMRTVRR,0.651216,-0.076,1
MTASGWPWSLSGLGRGKESGKNLRTS,0.846330769,-0.75,1
MGLTLLLPVTTSLTSYTFSTMEWLSL,0.349346154,0.857692308,0
MEGEEEAAAAKGGVWGRLQGPLCHS,0.582772,-0.44,1
MLTGFCFSSQPCGAGTEEPIKALPPAASPE,0.852053333,0.03,1
MSLMGIVNNPYFWFLMIFQERSLTRVSDMPTPPLPSTMFGSSLRPHQEQMLVPCFL,0.312444643,0.183928571,0
MESELWGGKREDRGRGVRVAQQVAAGGDGGGGWGVR,0.651458333,-0.833333333,1
MKEAVDWYQESVSKEALTRRQCHVLGLLSLHIHELSFWNP,0.1226,-0.3175,0
MVGLYVCVCVCVWGGGVTRLALRIHTLCAQRKVTWTSVVPLDRQSKRREKKQVELLALSGTPLDVLEGNDALVFCEVK,0.161755128,0.288461538,0
MFVSLYLISPESGNYLYLLSVYCVPGTISMCIEKPWKAIQQYI,0.068734884,0.569767442,0
MTPIRDPQRRCMSIYLLSVYCVPGTISMCIEKPWKAIQQYI,0.153953659,0.092682927,0
MNVTTLVTSYNLPGKGDMNVCNDTS,0.352748,-0.26,1
MNLLSAFKLTWSESLDEPVGPFLLARWFGTSGFGTVRGWTKILRGC,0.097241304,0.197826087,0
MCVVAAAEELVCGAERPMDEEDAAAPVCSHEQDG,0.618679412,-0.088235294,1
MAAARGLPGSRKQAVRGGSAAGTRAGAGATAGRVAWRPGAGRVRGVPADRGSRSSGGPPCW,0.790306557,-0.463934426,1
MPESQPSTVTPRHLGRPGQTESREAPALPLPHCPEPKWGSERP,0.917123256,-1.223255814,1
MAGRLWRRSGEQKKGVFIRFLIVLPLDARHVLGLGAARRGRQRPCPLLAGRTEFWPHCEERQKPAVAAG,0.237413043,-0.350724638,0
MGGGPAAGGPGRVTPGARPAPDPDPRGAAP,0.95901,-0.676666667,1
MKTIEDSIAKPWPFLSVVRPMPRIKEGYAFGYSRHTPF,0.181442105,-0.355263158,0
MKCGPVAPHCRFSSFLPPFRKCKLRISNLHRDVF,0.278794118,-0.164705882,0
MCTGRRVLQPPEEEEDGGEEESGGLAAAGPGRGDAVDCVCLAVADARRRRGAGDPREGRPGGGGGGRQK,0.791471014,-0.952173913,1
METERHPTRGGGVGEAGRVRGRRLAGGAGSWSGPCAPRARGCRRL,0.755328889,-0.886666667,1
MQCLLISKHTRMCARSCSAPSAQVSSCVPSI,0.546812903,0.374193548,0
MCSYIVICVHPRWGIFLLLNEDLTREQV,0.176317857,0.557142857,0
MAAAAFVVPRVKQKAGATRRGSEERG,0.862146154,-0.480769231,0
MELLVVERPASLEWWRSCFLRISIKY,0.093457692,0.253846154,0
MEQSPSTPPPPPGAPPSLRGQQQLQPPVPGLPAREAREPPARTPPRV,0.959629787,-1.110638298,1
MCSKPAGVTTLPRPDGGQSSEWQRVAALAADAP,0.710927273,-0.348484848,1
MESRIYRPARKEKKIPDVWSKQEFPGGLGNVWLFLSLLISVVTTGGPQKTHRNERPEVYKSLLEIF,0.169886364,-0.460606061,0
MQPTSTGKQKTVRTDPESCAYQGKFRRDMNLSKMRLKLLNAALSLFTATSSGVTNTHTVHQQYFYTGYVC,0.272804286,-0.547142857,0
MAGPREQRAAAAGPGTLGQWVKPGGSPCLARWAPSSSEPKQSTLGTQLHPDYRGVPRLEAELQRGPARGFAENK,0.581582432,-0.805405405,1
MQGSPPALRSEAGDSVPLRPSGPGASEPGPGRGTVMLGPDGRARIPASR,0.94157551,-0.630612245,1
MSIACPSTAVILLYRRASPHQLGMITVLPKKGWLLFF,0.095202703,0.727027027,0
MAMRWARACRVGLLGGSGARPGGYPPLPA,0.564706897,0.037931034,0
MDPRGPAPQTLRRRDGAQDVGLGRGATTRTGRRGGAAAAGARSRRAPEGAP,0.930335294,-1.066666667,1
MVGAHSPRRPVLRSTSFTSSSASSFSGAAGGAVWRPAS,0.917426316,-0.084210526,1
MGASAGNSKVGFDKLRPAGGAHRVLEVHVCFHEDLSARSR,0.3708875,-0.3125,0
MCTEGPGGASGAGLPLANRVPRETLKGN,0.853775,-0.389285714,1
MQDLTNTQGWSPRGSVLFLHSEHQDALK,0.422003571,-0.732142857,1
MEGSRVRSRGTQSRQTGATGSCQKPRP,0.954803704,-1.485185185,1
MLRKMIPMILKMFLHRNEGNTKNQIQF,0.522622222,-0.351851852,0
MRNLEKDCQFQINIFRENWKRRSLLQLYLRTF,0.13730625,-0.771875,0
MRQSLRATPGSGQAAAEAAAREGRRRRRRRRWRRRRPAPGAEP,0.873274419,-1.727906977,1
MALALARRRWAFLTASPSSVAERADFREGTDQRLSGGRRA,0.5917075,-0.5125,0
MAAGCKTPDPPLPCLRRRRCWSHWDPVVCVC,0.25773871,-0.180645161,0
MAMVMAAVTRTTPVKLRSGRSSSVVCSPVTSVCGA,0.601028571,0.631428571,0
MGKLSRCSSLRNLDLRSVCGTSIKMIYGNKVLSLCLK,0.249345946,0.208108108,0
METESWPGRGRGELVIRPPQLFCLRIRALTNLPAGAPSPSLPAKMRSLGCLRVFSSLG,0.316346552,-0.006896552,0
MWYDTSNWSIISFKPHGYLKRYLAIINKIVMNTCTGVCTDISCHFS,0.083141304,0.145652174,0
MRGGTQPLPLGDAVGFLAQGIQAAR,0.460172,0.124,1
MAALRALLLWAPGAGGTPRMRTLRMCSA,0.351121429,0.446428571,0
MKRCHLAAMAAVVSATPGQGPVECSTMGSTGYRAETALCQLCC,0.433567442,0.311627907,0
MFIRTLKTTVLPFMRTAPQLALSWVPPGCRVSPWDSPLKLYCLQPC,0.093436957,0.27173913,0
MDCVLLHGLFTLLSQTLQLGAWAPLTILIEKGK,0.22479697,0.806060606,0
MKERTSRGFVFCETVFLYSCSNDRVTCTVVLLPECTDV,0.186547368,0.244736842,0
MRKLRLGEVTKLVQNHTTCKGHSQDSEPGCKN,0.613209375,-1.103125,1
MRTASAEGTGLFMTTCGEITWIPGLAKSPGIGRTPMRWATAWPSECIYSIRTGSLSLHIGLWD,0.143984127,0.071428571,0
MDRPFLLTLWRFSFMWKLEDKVKGAKSYLLW,0.118309677,-0.077419355,0
MIYSWAVFLYPGVHPVHPRNTDLITVTKSDG,0.132758065,0.058064516,0
MIGGRHMCLKRALSSEKSNSEFWGCALICVHQWQNHPANQITSAVVTD,0.285416667,-0.189583333,0
MREEDFRNPTEKWSDPQGGSDLPQYRQGLSFLVRLLS,0.440348649,-1.035135135,0
MIKSLSAGPEPYPAPQASSLARSCTCPERKPFETGTKALERLAGPPT,0.862821277,-0.523404255,1
MRIKGGIYEEMRVNKSSLTSPSLFFIRETILNLHALPAVIDLQLQREGAEWDQV,0.134218519,-0.105555556,0
MRIWRGLPSQKLDDEVLVVILERHPIGFFKRSPRALVLRAGSWSE,0.107311111,-0.128888889,0
MGAVGTRRRRRQEGEQVLAQEQRLGGAGSSSNSSSSRRRRRQ,0.89895,-1.580952381,1
MNAFPSTSCWLPRRQALSAERSGTTPKGKKHL,0.7698,-0.834375,1
MAATAAKREPRRRRCRQHSRRPEPTLGAVREPRTLSMSRRSPVVSE,0.893530435,-1.252173913,1
MVFFGRARQCEEWGGACVVCGCGLGKSRRGP,0.254577419,-0.032258065,0
MAEREDAAGVRAALLDAEQSPVALRPL,0.546874074,-0.02962963,1
MRPQSPTAWARPRPEPQPRPRRRPRGTL,0.926342857,-1.910714286,0
MQIQGFRFCLGFPFLSFLFFFFLQGVRRELGVSTSLPFGSCGKSPCS,0.360548936,0.617021277,0
MSAQSQALTRSTQPREGGRPLPAEP,0.9524,-1.084,1
MSTHWLEWEETGSHHIAWAGLGLLTPSDPLASASQAAGFTGRHHRTELKISLICSFPRRLVLSKTENMTTDSF,0.209486301,-0.249315068,0
MSTHWLEWEGRVWGRGVPSFLSAQEASRFLHSISFLQYGKDQAFSDHRILRAISTWSKWWLPALGLHN,0.055686765,-0.304411765,0
MCVSQVAGPTGAVRSPPDSVPAPLLAICDLGPVILLSLASLIFKMWLMPALGNRCED,0.297345614,0.757894737,0
MSGAGMSGCFGWRGSHFQSFFSLVIPALP,0.336275862,0.555172414,0
MLWGWAWREFFCGSSGVEWSAWCGVRRSSRPVGAEWSHV,0.12304359,-0.179487179,0
MRLGTGVEVRGRCICRGVYLLGVQRHQRLGPHSSRLHFSTSFEERAS,0.456610638,-0.408510638,0
MSNNGPEDFISSSRKNSRQTARISSNPERR,0.919083333,-1.626666667,1
MAGEAAAPRAVRRSAAAARPAGRRGATPGRPAGPREWGCRG,0.882992683,-0.743902439,0
MEADDADSPPRRASGSRLRRALGRCCRR,0.659964286,-1.239285714,1
MEPRADSLYDVPVGAAAAPSAQRPGQ,0.896269231,-0.45,1
MGGPRDPVGPMVSSAARSGRCQRARSHV,0.870210714,-0.642857143,1
MWPRQTSGIRPCCRGLHFLLSTGPIYEEVAYESVMFAYFLTGSGVILAHCNLRLPGSSDSPASAS,0.214743077,0.176923077,0
MWPRQTSGIRPCCRGLHFLLSTGPIYEEVAYESVMFAYFLTGHSKHRCAGTVCHGSQGAWEAHTHLPSCP,0.109881429,-0.18,0
MGSARAPPLSRRGAAQPSEHEYIQPCSGTHLHWI,0.602823529,-0.664705882,1
MGAAAGMVGFRRVFPASHGPLGSGRFTETRTC,0.648053125,0.003125,0
MGTRPRLQDISLSLFAASFSVDRVLQGDVEEPQRSCA,0.391835135,-0.189189189,1
MESSSRNNTRPVRPPLHWKTAPGRFCRSVPLTEFRLSAWSVVLWSPRTQAACMCLRPHGPNTRTSSGTGRPARPPRSGQ,0.412389873,-0.788607595,0
MSDTLMSHGLQKDIPCRRTWLPSDVGKMDSDLQGRSGNQSKPVR,0.722247727,-0.945454545,1
MFNHRPNLNKDTSIIIERKTVLFVQLCKLSKYLMEK,0.295727778,-0.258333333,1
MHQQESTSRTSSGHSHDQELNFGMCP,0.907426923,-1.288461538,1
MGAGPAGARGVREDLRGGAGEKAAGTGPRH,0.949623333,-0.746666667,1
MQSPQQQSPDGGQNLPPLPPPRPRPPRARGRAPRSRPRPPATRTSAHSVRTPITGASRAPARSWTPADSTGGP,0.956283562,-1.305479452,1
MGAGGRGGGGRGGGGRGCPGGGGGRRRGTRAG,0.954071875,-1.04375,0
MHSGKPHCAVTSCLEKRPGFCILEYTFTFSRAWHRFD,0.199786486,-0.313513514,0
MLQLGPPLSERSFAALKLTGEGKASPGV,0.827067857,0.035714286,1
MRPAPSMPCSRTPAPRPAVLVITTQSFFRHPRGSLGVGPCRAAPPLLTLSSQSYRHRWCRTA,0.271351613,-0.3,0
MKLTGLREARKSPHRSARVMGWTDRLQ,0.664248148,-1.011111111,0
MTTNKMAFSPDPTSFPGTHTPSCPQPSACVVPDGSRSPSAAFPLPFLLVRNNGKVKRKEDYKQDGGRGTYT,0.727077465,-0.729577465,1
MGRGAAEQEAAPVGVLGPRGSPLWGSGMAGRRT,0.844472727,-0.33030303,1
MDTTLLKTCFGTATEFIFCGFMTKLLVVSLF,0.191009677,1.158064516,0
MLAEIHPKAGLQSLQFIMELLYWLLEGGDSEDKEVILSLLKEYFPL,0.135945652,0.267391304,0
MGPGLGPGLTPQRLPCARDWRLGGCVHPQGPQKSLCFQLSGPVTFLRVVIC,0.199180392,0.123529412,0
MMVAGAEGAEKGPRRRWVVRASSGLKRRGQNQVSGGTKGGRR,0.785916667,-1.019047619,1
MAQPLPRMPKEPGQRKVAVPGPAYH,0.907348,-0.832,1
MHPVLGAWYTGVNQTPFLPSGSSGDCGRTRT,0.471377419,-0.383870968,0
MWSGVCPWPWLHRVCFPLGPSGSSSLVFCQGGVRGLTLRRVTCWLERQSSGLDLSFGRF,0.120576271,0.157627119,0
MDRRGGGRGGGGGGGRPGGLEPNRQYL,0.894622222,-1.344444444,1
MCVCECARSECVCICVSAVPQVPDVADSMRQAQGDGDQQLSPPLSG,0.597686957,0.091304348,1
MPAPPPPGMRKPTGKRGGEAACAAPPDLAAAG,0.938253125,-0.4625,0
MVKVSVAAAAMASRRRCWDCFALEPASGCPLQWLCYCMDCILDFMCMSQ,0.241228571,0.595918367,0
MARGRGAGSVARVPDAGGPARLSRIVPGRAHRP,0.801172727,-0.454545455,1
MRPVRAVPRAWGRSDCFGDAERTFARAPVDVRSAGLRGTEQHETPSSPPGFHTGRREDS,0.636486441,-0.989830508,1
MPEAMVDTKGGFPTIRMHLLCFEIATMDSYG,0.348325806,0.190322581,0
MSASWLGPVAGQTNPLLLARGGSRADPRERGSEGQETALLGVRGVGK,0.553734043,-0.393617021,1
MATPVGVEHGEQSQAFSDDGKAAWVGKRGLP,0.752558065,-0.535483871,1
MATPVGVEHGEQSQAFSDDGWLGGLKVLDEKMLSKR,0.508377778,-0.472222222,1
MATPVGVEHGEQSQAFSDDEAFLCLASAETVKSRAPG,0.637945946,-0.205405405,0
MATPVGVEHGEQSQAFSDDGAVSLSFQSRKRIL,0.821790909,-0.318181818,1
MRIRVDIQASYGAVSLSFQSRKRIL,0.193104,0.02,0
MGSLESLLWKRCIYSATVSTLKIPIGIQNKVTFTDLIVLHSVVSRKQPPTMDPHSGRWLGARPPAEKPSPPAC,0.310573973,-0.116438356,0
MGLPLRGPVAARTDTAPLVWGQDAS,0.51774,0.012,1
MKLTEPEFQVMILYGFFGAALDLSSD,0.239234615,0.473076923,0
MLGLNGGRTPECSARFTPRRKDTGS,0.8994,-0.972,1
MGWEGPNSRVDDTFWASWRAFAQIGPARSGFRLETLAGLRSRRLKQPKAFCLRDVAP,0.155187719,-0.480701754,0
MVAKALHPSGLHHGSSSDSKDTLTPQCSMTRERVSSLLPLSGGSTEDFSSHSVSHS,0.913085714,-0.480357143,1
MIISHSKKFGSRVVKRLINLELNSITQDPFSLWWLKLCTLQACTMAAAVTVKTPLHHNAP,0.212905,0.191666667,0
MSRAAAATAAAATWGRAAAAAAAAGTRGQ,0.89767931,0.3,0
MEGHICQSLESAKAGTRFPGPQWGCANPRELGKLGSACSLGYPEGGVRR,0.416544898,-0.536734694,1
MEGHICQSLESAKAGTRFPGPQWGCANPRELVAETSTT,0.551771053,-0.523684211,1
MEGHICQSLESAKAGTRFPGPQWGCANPRELDCVPTAEC,0.358069231,-0.456410256,1
MRAWRCLRYGLYLREMLEVEMKTLALNSSWRTTSFQS,0.178559459,-0.335135135,0
MARRFLSRRSSQGYGPRRSGLHQPKGHDRSG,0.902987097,-1.570967742,0
MQAFSYMTFFEARFSKDILKVAFLISCLTGWRSSS,0.166968571,0.405714286,0
MVLSNFLHELWWLRHRVYILGQKLNGSTKGNLY,0.338063636,-0.133333333,0
MGAVFMRRVWEGGVRFSDKGRGYFVLLRIQ,0.09432,0.033333333,0
MLFFLYLSSRCRWYLCRRCDGGSREVSLHL,0.345506667,0.06,0
MMGNPGLALVAGTPPSRSCPQANSQTSSKSLLGHSAFCSS,0.8992825,-0.1,1
MSSRRRGERDSVTDTEMNTPVSTGCL,0.915111538,-0.976923077,1
MKKEQKRDLTVAERGIFFPRWRLLHDRTRSI,0.287977419,-0.987096774,0
MYVLPARGLGGWHRCWDTRDCVLATPRPAPCQPVQLGSRGCGALCLPEVLAAQWHLLQAFGVFP,0.053653125,0.221875,0
MAVSVAMSKLCILQTLCFPKIGTQKRTDHFLQL,0.356357576,0.463636364,0
MRKRSNSLQVVQPGPPRGVQPARGGPPGGGRGARLGGAP,0.941366667,-0.876923077,1
MAGQLIALLYPELLRSGRFGSPLVGSGPEWGGV,0.4033,0.372727273,0
MLTRRGDRTSLTRVGRVAESGQGVA,0.806072,-0.504,1
MHRLWIGPAFFLMTSLSVSGAVIPRNGGPGGVSSGPCLLQLLCGQAGSSTIRKIPS,0.279925,0.457142857,0
MPWRELGTAEARLADLSVLPGQRRAGPTQGAADRRRKVLDRKGEF,0.51378,-0.862222222,1
MLSKLVSKFWSQAVCLPRSPNVLGLQA,0.456188889,0.440740741,0
MAWTESCTAACAFPSCLVLLYRGRGVPTDLQVPAPLFSTQSKLKRPGFPKTHVT,0.359537037,0.066666667,0
MGQGGVSGEFFRPVGDPSCPHARLDLPYELLFASAAASVTSAPPILFPVVCQLGESRESKRVAFWLSWCPAQAN,0.166191892,0.140540541,0
MALSDVTEVTERKSARSGSVPTTERRE,0.929066667,-0.944444444,1
MLGLDELGRSGCGHCTQADLRFGDAAGRDPGQDNDRNTAEPAFPPRPESWRQQPL,0.705416364,-1.063636364,1
MGVTIPALLAARSGCESSGVDAAWGKP,0.538014815,0.359259259,1
MQRQRRQPSLRGLKSRRKPRCFPQPWTILQDSFFTLSTCLVRLHRTVVYCPPLLTSSFSLALSVFLFSPSSLPLAITSGK,0.24801625,-0.0125,0
MKPGTHFPGMPSLHSSIPDDFKNVFDQKTDNLPRKSKLVVGGKVFAEVCMVSQPRPCFQR,0.362046667,-0.481666667,0
MVAACTLGSLVWCSQQSRQPWAPMALRVRA,0.306163333,0.31,0
MAGRLALAAARAPGLVFISVSFVLRGPACVAL,0.27676875,1.4125,0
MKPLRGESRARGGGEPARVRSSALFWRST,0.645210345,-0.882758621,0
MRTGLQPSQAPWLLSWMLSVLRFTMRIVFPALAPDPYYSVN,0.218156098,0.285365854,0
MNLLNVGELLLICCISSNVQVMLKRNPVLLRSIDKPLAR,0.313112821,0.597435897,0
MWVPTKIPPLSPQLLTPGSVDTGFHHVGQAGLELVTSGDAPALASQSAGITGPDFEQISLEIEQSCAWIPPQ,0.237023611,0.038888889,1
MGRWRVSSVESWPFASTGGKLAIATAGTGTQAAPRPFLIRPPDSWALALALM,0.164951923,0.194230769,0
MKEPSADPESVTHGSQRGVQEMEGAMFEQSGPQPEGQC,0.9517,-1.128947368,1
MPLFNTCHFQMRDVRATAVSVLFWIRLWSGRP,0.160265625,0.209375,0
MCDYHGEESLSGGLAKETLLPPGSLLICADEISFLFLVSGFCWKLDYICAVFYLYRIMQRKGL,0.279401587,0.480952381,0
MEKDRCTLLGLEKKTKMSKRDAPSVL,0.632726923,-0.769230769,1
MALSPVVPVQEQNFPTVKNRASLDK,0.75632,-0.308,1
MVTASPASPPGGEDAACLARRLAPGLTVGPRALRTEVPGAGPRGNGH,0.611404255,-0.238297872,1
MHLLLLPVIFLPWVLPQHKHTSATPGFSSEKQFMSETENQTANVKFY,0.679989362,-0.123404255,0
MDGNGLFGEETQTVDARQGDLAVKGFDETCPVLSGESE,0.522857895,-0.539473684,1
MRRTSRDGKPRREGPSLVTWRAGAAADPL,0.744113793,-1.048275862,1
MITKVVFLRAKLIHCVPDVLTPAISPSVGNSSA,0.501009091,0.793939394,0
MEGAKGRGAGVRVCASANAREAGLE,0.743248,-0.272,1
MCGGWDPVAHPCRSCPSHARRRVFVVTPCCHLFSSLCEDLDWQ,0.227609302,-0.086046512,0
MPRFFFRCGLVWAQGPSSQLKLTLL,0.290172,0.428,0
MCCEQGEPQLPQAVQDRRVFLKAGASFEEVPIRLHLVDYSGAATKRDEQACVEIE,0.174574545,-0.365454545,1
MTLIDSKASLICQAEGALLVFLGLFQRGQLSSGK,0.317214706,0.585294118,0
MNNFIFLKFMTLGTSRTGGLCNLRPVGTVQRSEY,0.276941176,-0.029411765,0
MGLGDSECWEVCEISLRGSGRATPCFRRSCASSPQDPSGTQHCRPAGDNLCGSPESSE,0.582743103,-0.69137931,1
MAAEQGRWRRRLRLRPETAVLAVVVGGRGL,0.24259,-0.19,0
MPDVIVCSRFGWQPGGWEMRRPPAAKNRREG,0.433483871,-0.932258065,0
MAAALVVAVDGAAGPGTVGAAASRRMTQDGKRAAEPRRFPCL,0.564004762,0.092857143,1
MEIPRPGEGEHSWRKSAAETALAGLSTQACESGDTKTSKKGPVPRMCPLTER,0.864946154,-0.871153846,1
MAAAPAAGAIWATAAAKAAAGPTGGLHGGSRGWP,0.742761765,0.305882353,1
MKSCLLACPESPQITTGPSTAAIRTGGLAIARNHPAGVQLIFSSVGREILWSAFKGFLL,0.138466102,0.442372881,0
MSFHRNVGEVRPEHKSKGWEKVCNTQFI,0.549035714,-0.95,1
MVLGADAVWLWIAPYGQLCPQGRMRIATEVLKSKPNSSHWHTGMESRLDYTVWSKF,0.104678571,-0.210714286,0
MVLGADAVWLWIAPYGQLCPQGRMRIATEVLKSKPNSSHWHTGETPLFCTSHF,0.141822642,-0.060377358,0
MAETSSSPFSSSLVPPARRRERSTAADPAQALPLSQPSRHTMGPEAGLLHSSDDAGGGPSDSQLPP,0.955310606,-0.703030303,1
MVSARGGAGGAAAAADATAAAAAAAAPAPASRR,0.960209091,0.436363636,1
MGKAYIVDIFQALVLDLEKEAVELEIAMLFRVNVCRYWGKGRDQSKNGSGLKFIFHFLLSL,0.086301639,0.296721311,0
MGKAYIVDIFQALVLDLEKEAVELEIAMLFRIWGYSLPKKFLEN,0.108877273,0.415909091,0
MGLPVGGSVFAVPGRSGEPWEEVLRRPSLGSPQD,0.609032353,-0.317647059,1
MSEEPGKSRWKNLKTAGALLLPQERHRRPPPHAPSAPPGAP,0.762768293,-1.148780488,1
MGHGMRRRPQQAPAAPAPAPGPAAAAAAPALPPPGEALQP,0.9618675,-0.3775,1
MHSVFFLPFLFFFFPGSELLMQIGLYSLMMQPDSFQDYVARVEF,0.222786364,0.702272727,0
MGSNGMTIPREHCEGERRLRDCTFWGPPGESEGS,0.535397059,-1.108823529,1
MPLAQGCEEGGEVAARAARAAAAAAAACVL,0.588913333,0.683333333,1
MPPLLPSPPPGSSATGCTAVADSWT,0.839164,0.06,1
MVLLLLPRVPHATSEICTQSFLLSHSAILTTLKKK,0.193914286,0.565714286,0
MIGRRGLDGPGKEPGACGDPASASTPGRAGWEDEDGCPGLPPPQEGFRPDAGRELQAVSSICKGLNNKNSDFGSGASR,0.791462821,-0.85,1
MVLLLAGLGPGSKPPLPPALELLLRVCHSGLPVAGREELLHRQGFSSRNPTDNLNLNL,0.289232759,0.084482759,0
MFLGNSLETLTNRILVSLASVFLLPPRKGAGLCSRQDRRAPHAYTSLPELSPRASGPCLETGLAL,0.364850769,0.087692308,0
MRSLPNEMMGRGARSCPTTCFPGPDSTRAFWAPTRDPQ,0.677355263,-0.826315789,1
MSILMKEQLMLSGNLMKKELCLYYSSSRKVTYHMFRTKVHFYVEL,0.103677778,-0.046666667,0
MKEAVPPGCTKSPSHFSEGFDRWALEETPPSTARTGKHTPLCLPGRATEIGTSLSEAEEKAVNLPKQP,0.765972059,-0.730882353,1
MAAEAFGANWERSTRFLEHGQRRQEQA,0.507814815,-1.188888889,1
MRIRVTLTPRFPPLDWFYCGSGLISMSCCGAFTAFGL,0.09232973,0.659459459,0
MCDWALEETGASALSWPRAAGAGVGGPCVLDL,0.241225,0.421875,1
MLTCKVKKPVVLRVFFWGSVWDPVRVESLFK,0.202319355,0.461290323,0
MAVAGAADQEAWESVPFPTGPLEVGASAESQTTPPGGPS,0.922076923,-0.220512821,1
MAEGDTHRLKADCDSPYPHKAILTP,0.621192,-0.78,1
MRPAAVAPASAGAAAAEAAAEAAATAAPPPADLD,0.958008824,0.408823529,1
MAQSAPPKSRSWFGPSPDCESEAHGPCRPGLGGSQA,0.926372222,-0.838888889,1
MAEPGVRRPRRRRRRRRRRRRPLSARASGP,0.910686667,-2.15,1
MQEPSAVVGEVSAGAALPPGPGADPSDFPSVPSPLEPQPCLGTR,0.922793182,-0.165909091,1
MPLGVSHDCRPMCVRGVLWESMDPEVPGLSADLCPVCPVAPGDVSSRRG,0.326020408,0.073469388,0
MQRNSTGRGRGQGAGVFMADNPRLSAWPEFL,0.654406452,-0.670967742,1
MSPREAKPLELVSDSQMSSPALSKACCLQKRRARRMEITSER,0.645321429,-0.773809524,1
MLGRYPLSHKDGNKSLPPTVQTKNSLQQDIS,0.887670968,-0.95483871,1
MGRADTPRHPPPPAAGFGVHRGAFLIPVALRVLLAGRTPRPFTPGLADPRRLGPRRVQAAQ,0.452245902,-0.283606557,0
MASLLCQSGVPSSQKCHMMDKRLGEKKKKGDLSRTQKQEL,0.7442075,-0.9825,1
MPPCPARTTPPRAVQPPPRHPSRPSSVPQSHIATEAPTGSCPRS,0.959188636,-0.936363636,1
MRQSLRELWQHQVTVPEVNRREKSLLSAVRPVSCRREYSQRSLWPSRTTLPPMRPSSVF,0.345257627,-0.791525424,0
MERPQRSGAARERKAAVSWEPRKPQGRQLASE,0.8925,-1.540625,1
MSAPAAGRRGQLGISRSLWGGGHSDV,0.750280769,-0.315384615,1
MEMILDKKQLQVVFLFEFKMGHNAAEIT,0.342096429,0.214285714,0
MLAAGDPRSPDRSRAGQPATMVALRPVQQLQGG,0.737821212,-0.506060606,0
MAAARARAQRRARPGRHRALAADVQRISMLAWSRN,0.450262857,-0.688571429,0
MSASQSTKLSLLGWIMQGKLPFFTNFL,0.270618519,0.418518519,0
MILLKVCSAASLLGEGFMNQVTSTNKASLSLLSLTMKVAVNKGKKERELFIPFQFQ,0.290019643,0.3125,0
MFHVIMLELRSFHYFAPNQKTLFPVYRIGVIFENNWLMFKTEDCHDCLS,0.068159184,0.130612245,0
MRCRLSVPPLCKLNLMTCSFLKTAVEEVLGVFIEPNGYHRTRRWL,0.16802,0.091111111,0
MSRLGIILRHHLASPASHFKVITGSGLPLKGILMLTTSPRRA,0.192328571,0.307142857,0
MFADRKSKLSRNSEHWVLVIWTSLKHL,0.338248148,-0.322222222,1
MGAGASRLLQPPEEGEPGAVASELGLSSPRGERAKTAAAAG,0.94622439,-0.341463415,0
MFFKVGFAGRSRPLLRLSEELCAVAGVSSFSQASLMVLMQRETKTSLF,0.249772917,0.410416667,0
MLVSMAGPRSQDERKCCCEDPIKAFT,0.580115385,-0.384615385,1
MPILLIYFQTQRKVHGQFVGHLIQGPQFVRGEVGMQKYFDL,0.05505122,0.019512195,0
MRGAPEEERASDRPAPPLFWGRPPL,0.783952,-1.056,1
MVSARAGCHREAGGRLRESSPSRSGLKAPQVNGE,0.924405882,-0.844117647,1
MKWPQMIRRPQHWTLLMICLDLLLVLLISHTLNL,0.319255882,0.688235294,0
MRLPPALGLEIGKLRPREAKRLCLSKTTRPPARKISVFLLWCPPVSYLTLPSRR,0.193183333,-0.17037037,0
MAHPGLWAPRPGWALPGVGLSLARPLKLRYALLLRRDGRGSGGCPKMGWGWRKWPGSRCVS,0.108855738,-0.304918033,0
MIRWAPSASPGRAHSPWTSSSVASDRP,0.898625926,-0.640740741,1
MPARTAGPGASYAAAASRAAGARRFPAGGRGGAPQEAGTPGGGAPRRPA,0.958583673,-0.544897959,1
MSLSLRPVPSCSGCPVSFRMEKPLSPPAEMGPDGGCRGRARGRRQQQQQQQQQQQQPQRRGLCD,0.884834375,-1.228125,1
MLRREPLKQNLTCKTQEPRSFKNSEVEGHRLLVLGSDIRRRA,0.330828571,-0.976190476,0
MIGDIATNLYTQQLRGLQAEQQVRGSGRGAE,0.428045161,-0.6,1
MVKNGGDRRNIQSPADCRDALGCPDPCGS,0.598141379,-0.84137931,1
MLTSCEMTKDLAAEGKRKNNGIFSVYNWLNLWMWKLQIQMESRLY,0.300606667,-0.377777778,0
MLQRDEAAAEEVAAAESATALGWREGGIGGGGGVRGRAV,0.712289744,-0.146153846,1
MKVRNSRIPGDNTSANSAQAEQAVGGERHRAEKHPHLESQEGLTSERLSKYSFEGY,0.8422,-1.242857143,1
MPFLCPSSPGTDISSAGCCSWCPSSKPLLGISARFTLGCFLRRESAPLLHDGIFLPCRNGLSLISTYFHV,0.147052857,0.392857143,0
MSRGTIPAMKRECQYNSHKGSSCGPQTKNHCITSADCIGEKGAGTEKPEINHLSFLEKRMLRLSRFG,0.304874627,-0.767164179,0
MLTSSESLKILLWPDSRLVGERLFPRQER,0.292434483,-0.4,0
MGLLRPLRTCEAFAVRWRRPSFLPPRSSLRL,0.382703226,-0.167741935,0
MRDRHYFPALHEGLVRGTTWAAPAETAGTSRDAAGLKHARERKTNIKMKCLIQGHTMSGMDLQISLLVRRGLVTQWLRM,0.132816456,-0.389873418,0
MRKTNIKMKCLIQGHTMSGMDLQISLLTCIILWIPE,0.258502778,0.408333333,0
MYFSIPTPYSGSLASKLRSLAFAPGAGTRGRI,0.538484375,0.103125,0
MIRFLHQILSLIRKIPFCQPNEAFKEDI,0.363625,0.125,0
MTDSPLRGDSSSAVAAETDERRLLAAGP,0.843057143,-0.467857143,1
MCSLYTSDVPDYNSLLRFELDLRIWRIPAAL,0.123196774,0.193548387,0
MRSCCGPRVTVKDPAAALGPPRPLRLRGAAGARRA,0.771454286,-0.305714286,0
MEFCSVLLALLSQRNPRQQMPIRSV,0.518696,0.096,0
MPPRPHRPRRGSRSAARERATAGPGCS,0.952022222,-1.440740741,1
MFPESPGSVRPRSRAAWGVSSAPGPFGPHTH,0.931758065,-0.609677419,1
MPARPPACRVRPFPPGLPGQRIRLCRYRFLTLRTR,0.27952,-0.534285714,0
MGLIPFRKTLTCTHPAPPSPRRAALQPPPPPQ,0.831565625,-0.575,1
MLFLLTISGQNYKQDFADRACVLPKQGAESMRTAI,0.221125714,-0.014285714,0
MEIVFTVTVSFLTAGTDVVLNTVVYRWHSTRTL,0.07159697,0.690909091,0
MTRKGRGMQEVEELSETGKVVKQHRVGEALRVVVLVWAGSLGVDEAWFWVGGATTGRCLLWKCLPARFCPGAWGIVL,0.180718182,0.194805195,0
MLRHVKKFEEGNFAAFLAWLPGVASKFGGVNRCCHVSFAKLHRRCVPKHGHRQERGPAQAAAQE,0.4113375,-0.4359375,0
MGVSSWLWKSILLPCPEATRRLSSSLPSR,0.540324138,-0.010344828,0
MTKALPQFIFLPVYFPFAFLESCCITEAGSSDVPLKSQWKVLT,0.188474419,0.544186047,0
MCHGTHAVALCGFMKEEAGHATLPPQAKEKYHF,0.519409091,-0.315151515,1
MCGFPRLLPRGGYTVFQCATELTQWHFVAS,0.15149,0.216666667,0
MRTSRISFVGKESLFKDVHWPSREELLLQLKIGLELTGDLALDGRKRCSCRFGSSHTGGRGKLAVCSS,0.192460294,-0.285294118,0
MEAAAAAAAGSRCAPSTAAREVGKFAARRPKARGAAPLCRELSPI,0.7358,-0.066666667,1
MEGHFVPRRPRHPREDVKRNDPFRVITGWRWSFMTKMKVNMMWKIQRWKQQAKDAGAERWNLGYS,0.254233846,-1.172307692,0
MVTVRWSAAHLIHYSFLNPGETITSEKYAQQIGKMHRKLQYLLPALVNRKGPILLHDNT,0.103867797,-0.247457627,0
MRRASSRPRAFAENEPRRSLAAAARAASMAARPAPRGG,0.92425,-0.773684211,0
MRLEPRSLEEPRAFLLWDNHTSNSLK,0.372153846,-0.896153846,1
MDKDAALRGIPVCLTLRAPFCFKTCWMLLFSEF,0.241051515,0.654545455,0
MWLKWRRRRGLEAEGLVVLKTRGRRARLPGRRPAPLGNRELLAAGWGPSSQWRPPPCLLA,0.122108333,-0.626666667,0
MIPLVCRLRECLELFGGRCRTVTSQSAARSRCLVLKSSLRP,0.170126829,0.163414634,0
MSPDRNIECKATGFTETTIYDLLFCKSVDSFYQLLISSSGSKSIT,0.265466667,-0.024444444,0
MIKFEWMRSCFLGMSKESCSLRAGQFLWLYPLRKHREVCEVKTIVMIARCLSFSFILTVCRGYMMCDDILIDVNEWCYT,0.050735443,0.351898734,0
MWFCACADGCLLTPRSVPGLVAGLQG,0.356188462,0.865384615,0
MPGIKMAAWDRSQPLRPLPEEPRPVCYTQLIGSSITERKGNMRMTSVTNMAFWTGSIVCLASTQGMLMV,0.159572464,-0.049275362,0
MISAGCGVSAAGRELSAPRPLRTDARLPAEEKEATNKTL,0.86554359,-0.420512821,1
MGFSCAPPGVWPSPESRGASFRGAIAEARGRVPGWGLQGKAAAAAAGAPPGSGTGELPPASRCQYGQNSL,0.773168571,-0.281428571,1
MAVSTAFPSSSAWPQKVSVLPGGGPTSACHHGV,0.817560606,0.184848485,1
MSITCWMRLCSSPPLSEWSVSINWTP,0.280446154,0.169230769,0
MSGPCIWIYLPVQMDRRAPVPAKGLYLGG,0.210093103,0.224137931,0
MLQCCNVSATKGEKRPRSQTKHKNWRVTHLLGYLQSPNCVPGVFLAEAARCLSLFFPEKKMD,0.280548387,-0.40483871,0
MTTPSSGTAAVSSASSSVVHGCPGSRPVEIESRVSGVE,0.872844737,0.007894737,1
MSGGTKESVETLQGLGDRSLKRKKAKQINKTHPP,0.879726471,-1.238235294,1
MTRKPRLAVASSMAPAQSEKEVGTP,0.94506,-0.524,1
MFLTAHPVIPPCTKVAIPADKQDNY,0.510916,-0.012,0
MDPFQTWCLFYKLCASTTISKCFSASQQSK,0.39489,-0.07,1
MLVATGQCSRCFMFTFSTFSFNCHNSEVDSVRDRLPQDHSAPANSMQLTLTLNTLQLHS,0.222477966,-0.127118644,0
MCGCRELAAQQRSERRRGPGPQTLAAAAAAETAGRGPEA,0.86855641,-0.717948718,1
MRSREAGPKLRRIQEPANGSPGAVSETGGYREERLSDAEIMGKLLAWLAVGM,0.503815385,-0.521153846,0
MLTAPGDRRAGEPCSVAPRSASAAVRVAYRS,0.6721,-0.222580645,1
MLEAALRLPWGLCIGSCFSHQRICAEWNFSILLSF,0.125668571,0.74,0
MDKRAGTKTARHSFPPTVDADAGRRRAPERGAGSGGAENT,0.941245,-1.2275,1
MRTPGGGEPQREELGAEAQAMLSPGCS,0.926285185,-0.733333333,1
MQLPGLGLGIEREEEEERRRLGGMRWGTAAGRSASDCFARKRGGCSE,0.497397872,-0.895744681,1
MDQTPQRWHHDARPLRASPDVRGAPRSGRL,0.85322,-1.406666667,1
MATNFLNKEDRTLNRRISHLQGTLPFILHFVTNLQNSINWVGFHPFLAKFLKLNPLVRV,0.105438983,0.03220339,0
MHARFPLIARTRDHYTWIPKINMAVAVR,0.123242857,-0.092857143,0
MGLRFVCGASGERWRSLSPIVCALRAWPSPWKDRGLRGPTLGG,0.301427907,-0.155813953,0
MQVPAARDRSQTGVFRISHQGCTSGGVLGLDLVISRRDFRWILKLNTLGMVFQ,0.1705,0.062264151,0
MLRLLNIQTAFWLIIFRRLDFWISTPLHLY,0.271946667,0.753333333,0
MPHPYSRNENNGGRGAEDSSMQLTTRRFVRLQYDRECK,0.598110526,-1.505263158,1
MDEMPNLRSRGGVENEKSFTAVETC,0.831232,-0.788,1
MVTVRAGPLPLPLPPPPQKQHPRLGAEEPPL,0.924545161,-0.474193548,1
MGERKPRGAQEQRPQQDLHPEPQEQPQRPKLHPAKEQKTGPGTAETSLQSSFH,0.955511321,-1.822641509,1
MDSSWEALLLCSSWTMFLINICLSA,0.28642,1.048,0
MGRSGRRCCPPPARARLETCHGQPPAAGPRVTLAAPESVARARGHAAEPSVQ,0.853653846,-0.594230769,1
MKTRGARRRRRRRRWRRRRRRGGEGSGGRSEEGEAGGREGGRA,0.908937209,-2.388372093,1
MKGGNGPLRGALKSAVGGEGPGHTPSPPDSSPSGSAQPWTLDLDKKREAALWWI,0.642122222,-0.692592593,1
MCSLLCCILSSLTTVPSTQRALPVYLLSK,0.340382759,0.972413793,0
MNSPRPEPLAEWTPSRPQVARSGLSGSRKLQ,0.926377419,-1.05483871,1
MSRTEPGKLPVRFQRPRARRGGRCGNPSGM,0.877236667,-1.256666667,1
MATSSAPAGVRTRYAGVFVRTPNGFGGPSSPSESRVNTESFGTGIK,0.778426087,-0.363043478,1
MEDRWTAVWPVTSPLKPLESGPLSSAGHIIGILTHSLNSLFIKT,0.122872727,0.177272727,0
MARGHRGQPGVRLPFAARALQWSLGPPASVSA,0.53419375,-0.13125,0
MHCFYPPEMVGNPEAMTGTPESLGNYPLSNLKRAGAAE,0.802215789,-0.460526316,1
MDPPGPGGKRPGRRRPRRHQQRQDGADAAGP,0.953070968,-2.074193548,1
MFTSSEQEHVPKLNFGSPTLHSKSSTT,0.941855556,-0.744444444,1
MALAVAAAAEAQAAAAAVEARAGAAAAAAPRGV,0.880009091,0.981818182,1
MPVVLRVPKFRGPLIPLSPLQERKG,0.455872,-0.036,0
MMTDAGLGDTPHSPCHSGVIRHPRV,0.713528,-0.392,1
MTIFARLHCTFSQVSSLSLMCDTSSWTRYFS,0.156890323,0.3,0
MHCSCCGSSSWRPNGWRFPAASWTISAADLFCIFPARKETMQSECVFRLNLPIGFTWISTCRTHQDYLSVG,0.107284507,-0.014084507,0
MRRNLQGITTDSESAVICMHNMECS,0.352152,-0.316,0
MQLPGEREPVSYVRAAAAAEPPPGRSSRCRPGLGP,0.902985714,-0.674285714,0
MRAAPLGKISRCPSRALSSVIGSGSLCQAAGRIKETTRRRSALSRLAPCGLLFPSLRPGETELIIVTGL,0.281885507,0.153623188,0
MRGPFVSGRGSDPREAEPSHPAACPKPGAGRGHFSRKLRRSRHSVPQRCGKPASPSPRRRFLTLRSVGASEGRSCARRTG,0.83586375,-1.0825,0
MIQKREPGMLCSSLPVGSGEAGGVAGLDGRHENS,0.882461765,-0.355882353,1
MGKSKGHDDRLRRGAAQRAGGPGVHLP,0.906896296,-1.111111111,1
MWIPKYREEILVLAAFPGMLPELKAVTWSCPEEPFLEAGLDEGFPADGIGLLELALELEPFMWPL,0.050943077,0.355384615,0
MIPHEEPGSPTEIKCDFPFIRLKSEPSRQ,0.570065517,-0.868965517,0
MSPAQRDRVVMRLKGTAAVKKHALQFMKHWINIRNGIKACCLLKKY,0.164782609,-0.25,0
MKVWGLAAACFLLQHHGMPAQFTLPPAPRDETSPADAVCPGLGRDLCGSSRCCLRPPSQPDWKEPSGAALRARPAPRGR,0.481608861,-0.384810127,0
MTGPAYRAEHDQQQSEWKSACDLREPDGRWSSGSTHGFLFNPSDFPKPSALRFRSKCGTRPGCVGGTRPEAAGE,0.708585135,-1.016216216,1
MRIERDWPRSLQPDAGGTWGNVEKPRSGT,0.719017241,-1.306896552,1
MNRTEANIKASQPKVLWCRQDSKRTDYLVEPSIVLLLQH,0.218923077,-0.525641026,0
MKDYIRQPDAGFCDSRKRGSWAQGEHTRRSRQSLRDSPPTPNPLPRSHPKGDFKKMEGSHGSHS,0.825615625,-1.61875,1
MRGSENCGEGRLERRFLRNSEIPTTSSLRGI,0.626925806,-0.909677419,0
MSFCFIFQVSLSPSGAFFGGASEGGQSLRI,0.61484,0.646666667,0
MAARSSSGVAAAEGAAALAAAETAAVTVAAAARDLGLGE,0.68584359,0.720512821,1
MPPVVLSSDCRQMESCAEPESSKKQPTICDHHKMCPDGS,0.684461538,-0.776923077,1
MATGMRDSTALTFFLATAMAVQWMEMERTVFLRMRPLNTQLELWLCLRKPHL,0.201221154,0.180769231,0
MGSRGPRGTGPGKRRRRRRRSRSPGEA,0.952485185,-2.185185185,1
MAKAFRRRCFKMGSLDPVLKLSCSKAALCAIRINEGEGFCVEKRLGV,0.21257234,0.142553191,0
MSGKFREGLHGAMLPGLFRGRPRAALRLRQKDSCGRWNSLSIFQNVFPSPSMGPDTAVLC,0.23204,-0.26,0
MFPPRNTPALEKGLSSQLHLQTTEEPQGQTKPNQFWPVA,0.788125641,-0.915384615,1
MGEDPEAASVSRQEHVVDQRETRGS,0.915592,-1.284,1
MEVLGCGAAGCGCAQGDGMESLSWHSYK,0.488578571,0.014285714,1
MGLWMHLDVCNEHCGWHAPVFWIPMHRTP,0.158710345,-0.034482759,0
MVHISTNSIDAVRASDLKHICINEE,0.256924,-0.028,0
MDGDSSPSLRRRPSLGGRTPLRSVSEDPGPLLGIALISQALQREARSAGPRGLRSED,0.658678947,-0.694736842,1
MSTTRTPRRSGASGPKMVADQTSGISRPPTAGIGTSRLCLGDRQVVPLWFFRRCLPGGILTLSL,0.424720313,-0.0875,0
MPAAVMSPRRRWLFGGSEERLLLLLLLLVAPLQKSSKNSAVGSVR,0.440453333,0.28,0
MSGSYWSCQAHTAAQEELLFELSVNVGKRNARAAG,0.324031429,-0.288571429,0
MSVPVVSAPPFCPPAEGSRDGRPKASVARPAAVHEHHSPRDCGHLPDVLRSSLGGWQPH,0.689494915,-0.522033898,1
MGLSVLLPLCLLGPGRFTSGQKPLDTPGLGAAVLSVRKAGLKMRSHLTPSVCTVPSPGS,0.437716949,0.366101695,0
MRLPPALPSGYTDSTALEGLVYYLNQKLLFSSPASALLFFARPCVFCFKASKMGPQFENYPTFPTYSPLPIIPFQLHGRF,0.116685,0.16875,0
MCRGIQTLENVPPEFPASSKETRASMEPPLVAGGLSPRGIHHCRPLGGTNLEMGLVERGIEKSRRAYK,0.527841176,-0.541176471,1
MCVEDQATWRLAPREDGGAPHDSRLPSCPAGAGRGRVRVRP,0.641046341,-0.8,1
MHERAYWFQIPHLGTGIGGLFSKLLVLIAPAFQITSGNLWEEPRGWKMFLSFAKGRKLCHPAGDLSHE,0.105227941,-0.035294118,0
MKPAWKIPSLETEPDRGRCTGRTLSGFSNQAAILAPQVWDFWVFSWLASC,0.174106,-0.124,0
MFLLNLEGSFCSLSPSVAFRLIEVQILRKSPAKCSKYKILS,0.202512195,0.446341463,0
MPFEQCHLSWKNVRRLYKPCLRSWLESFCNLFNLIKRPLILSA,0.106306977,-0.041860465,0
MFLLNLEGSFCSLSPSVAFSPVRCKASLVDRHC,0.298293939,0.545454545,0
MAARPSRATGPRGGQRSRVKPPPGRRLKEQLPPLAAARAVFAAATAVAMRRG,0.709284615,-0.525,0
MPSGARARLPAPLAPSRGVRLLGLRKTS,0.604314286,-0.171428571,1
MAAVAAAAREEAVPRSGAPSAAAESGSGPSWRTRTETSGSRTAT,0.957395455,-0.477272727,1
MLPQNLPRVFFSFTHELHNCRFEHNVCRLC,0.1495,-0.153333333,0
MGYMCKEYRLLVKPEVLLYFLGDPGRPC,0.206617857,0.064285714,0
MLFVAWCFCCSQDNLPLMIFKRVVL,0.198544,1.264,0
MLFVAWCFCCSQDVCHTSHSRESLSPGEGFLRLRVLAAVVFQLSGRFAFPHGHSGPCSSSSFPVY,0.379921538,0.32,0
MRRAARVRHRYPGTINFQVDTMSGVNYSCSPSFPSILWVQ,0.1345875,-0.315,0
MIELKGRSKTWKMNIEGKVKMEKRRGFILRTVTRTLRIAASRSIVYMQKCTVPGVKLLVFDF,0.12241129,-0.1,0
MKGLHSAWIAASRSIVYMQKCTVPGVKLLVFDF,0.151518182,0.618181818,0
MTAFLQSRNYVWPGSHPLSQFQLSPNWNVSLQTPILIKGQRLLIHLGWILYSWRDCREGAVS,0.110432258,-0.098387097,0
MGGKGRKRTRIQTGEFADLRVPLRFPAGSAARVYFLFSDPATASLNCLNENVLGSESTTHLAFHTTLLDHVGVETG,0.143723684,-0.146052632,0
MIRVLMILLLAYQLLHFHFQKMIRALK,0.465981481,1.025925926,0
MHQLMMTAESGRAEDPKSFPRLAENKLPGRRMRRQETNCLES,0.799640476,-1.164285714,1
MQLAPEPGPARHQGYSRLLGLPGLPALQLPSAPGFWLLMLQTIKYWSIELKNRLKPGFYLIS,0.168875806,0.029032258,0
MVFLRLERQVRTGSRTEVWQKQRVLGSNRRGCH,0.214569697,-0.887878788,0
MSLLNSPCTWQPASYCSRHCRLFAYRMGVTV,0.203103226,0.067741935,0
MPLVCPLRCPLPSLAAARAGRGGTAEPTPSNSP,0.812139394,-0.042424242,1
MPKSRKLQRVSSRVGTIFRFHLPKLEMSMRGN,0.411125,-0.63125,0
MAAAMLGPGAVCAQRAAARPGRLARRRR,0.765982143,-0.182142857,1
MPGAGPEPPRVSRVVAAAGSCALRTEVASLGRTAVSRRGGKPALERERTGRGTGRRRDRTAPESPT,0.781181818,-0.809090909,1
MGHPLPPPLPPPPPPPPPSAVSMARRRRRSASSATQVHK,0.950069231,-0.902564103,1
MEDGRKERSGRDICLGEQCICTFPECCQGQI,0.418151613,-0.616129032,1
MRSVTAGSPAGAGRRQAQGARLSGSPD,0.957574074,-0.692592593,1
MGMKVKTWRFHFSHCFCLQDHPLKVEKLLCVVVNSKRQNSF,0.269136585,-0.156097561,0
MFLNEGMSSGLSRAPHPASYSGGGVA,0.932846154,-0.053846154,1
MAFEKVCLIPGCFSWVSSSGTSSLSSQQECGTFYRLIKIKDMFFGQQPELKICWNRVRDHFSCS,0.188420313,-0.0609375,0
MPGLQALLVVALHSHPAEEDLLDWIFSGFLSDIVLYLPMKTLFFGLCK,0.0772125,0.829166667,0
MQCPPQGGQESLRSGGAARERNVISAVTTGAVVPVRSISVTKLM,0.505531818,-0.011363636,1
MVNWFPASENLVFHGVKLTQHQDKG,0.292244,-0.42,0
MTRPMCGAIEKFIGKLEDISINRLFWFL,0.148046429,0.367857143,0
MAAGKRRKETISRPAASSPKYEKKIIRNSAGGVEAADGPEGGC,0.819209302,-0.841860465,1
MFSRFASPTRKLATCRVLEVETIWGLLAAVQQIYL,0.212422857,0.528571429,0
MFSFKQQEDSSLAITVTAVYIVMSRKGPCLP,0.293383871,0.287096774,0
MQVLQGRIIAENLQRTLSADVLNTSENRD,0.349989655,-0.475862069,1
MGSEAPASGCSGAVRSSQREAAASR,0.94984,-0.488,1
MWIYSFWRYNGKETAVSLAVWPRLECPAGLKFLTSSDLPPKVLRLQV,0.062421277,0.074468085,0
MALQGCGLRPHRESTARGSPKSEVLGER,0.891971429,-0.835714286,1
MSATPATPRGKKSLPGVDSMTFPSCAPRCLDRV,0.723327273,-0.284848485,1
MLRSRVGDWAVGYRPGKHAASKAAFLREICVTLLPSVYRPCTSPGRFFHNLNLSSPGIQLQQLRAFHVTPGARRRLV,0.092074026,-0.132467532,0
MQENYSPLLARPGCEIFSPALSRALCNPKMKDRRGES,0.417478378,-0.683783784,1
MRPPCARSPEGQGHPQARPLAPPAGPEVRDAGAAAERAPGRRLPPGSAAGSQA,0.955339623,-0.833962264,1
MRGPGPTPSPTPSPSPSRSPSETPSPSPSATPGAARLPRRRRRARGAL,0.92943125,-1.20625,0
MKLSPGLLGRRECAGAAWERREECR,0.444448,-0.848,1
METAKAVLECPEQPSESSLCPRVSE,0.79948,-0.464,1
MESRRRGIPAVEGQWIGARGLQLAWGSCLGFGRWGPVAHPFRSCPKWSWNWMLVTKTCWPSC,0.101114516,-0.241935484,0
MYVTDPESPAAWDPCLPSVSPAELWN,0.456026923,-0.226923077,1
MTSVNGKNKTKMLYGQSHKGKDPQFTFLELSSVLYCCDLLIGIGIVVGVK,0.320962,0.174,0
MERTKLKCCMAKATKGRIHNLHSWSYHLYCTVVIY,0.178471429,-0.182857143,0
MVCISSEALKKYQVGFDIAVVRATPPHLENWEMWILRDRAVHELQAVLLALVLGR,0.047358182,0.365454545,0
MNGGRGDREPDPWEVGACRGMRLALPGAWRPRG,0.379463636,-0.96969697,0
MIHQGIVVLVSWESLHHAKSEIISDPGVQGYSRSRESSVLLSPN,0.350643182,-0.065909091,0
MVQWKNWPESLEVWVLVLAVPLTHCDLGILCCEDISQVLHVSQQI,0.133251111,0.577777778,0
MVRPVAVAAAVAEASLVGLQRGEDD,0.553372,0.464,1
MELRAADREPPANPSLHARLAFGREMRQWNLEGR,0.42685,-1.020588235,1
MLQASAAARAQPRTSAPASASWAMPCCLHAGEVPGRSEPLRAPAPRG,0.800046809,-0.24893617,0
MEQKECQDPAQADAGQPQHRQPTRR,0.923764,-2.068,1
MASRLCGGALWYVCPCPSGAWMVPGTQLATS,0.439109677,0.548387097,0
MEGGCSPPIPHAGHRWKCQTVRVHA,0.42876,-0.58,0
MDTVSTWGLRYVAAALSFISTSQTFDLPTLSSLLMKLKLLCDAYCPRSFC,0.120972,0.54,1
MVSARWFILELDLFKTDKCWYFIFYKWTIISFLKTTT,0.169962162,0.448648649,0
MWRSSARASVVMTVFALRGEGMCDHFQRLTCIPQIVWMSYNLNLQTQYSQTLGSDSLQASCTSPRKRACFPLDM,0.16907973,-0.106756757,0
MTMWTLSFQGFLEPLQSLGARLLSGNCRIFLLTPACLAPAAPVESTDASSASSLGKSGVVSRRA,0.449585938,0.3703125,0
MLGGGGALLWRLGRGGVCSESLCVTRALPRKGRAGVMTMVTPGGEFVTSPARRDSMSMAMVAWWKGRN,0.179764706,0.016176471,0
MPGTAAAVAAAAAAATATAATAAGPGPGWGLESLQWG,0.676278378,0.57027027,1
MTPFPWCIHIIVHLVKTMKIIYNATLLFLVS,0.158954839,1.225806452,0
MDEKMLVLWVVALSGISTLFFAADHLVVCECTYRFGRE,0.148078947,0.723684211,0
MFLQKELVCSPLIADQLPWVLLMTQESFA,0.217727586,0.686206897,0
MAVGGTAVITRRLLGRSGFSFQVTIRKAKFAV,0.14759375,0.509375,0
MQLAPCRMGHGILNMRQIADQLPWVLLMTQESFA,0.204267647,0.217647059,0
MVMTSDRASTRLRQDSMVLTRADRPPI,0.731948148,-0.533333333,1
MKPWPSVTQRWGVLALSDTAPLWGTLSACLVQEALGLMGDSARQCQSWDWA,0.097311765,0.017647059,0
