protein sequence,Experimental stability
MVFLRLERQVRTGSRTEVWQKQRVLGSNRRGCH,0.1455848303353636
MVFYGKYLSVGLNVKERGRERNPFIMFSLP,0.2996622467289705
MVGAHSPRRPVLRSTSFTSSSASSFSGAAGGAVWRPAS,0.8154706517463293
MVGGLDPPGRRRFQKGFDWRNLWSSCWLAPLADGMLRYMGQRQRGHPIQRGPL,0.2577050056365724
MVGLCVSPDERGPPERPCPWAAPARRFDISHREVGEP,0.6417706765483604
MVGLRAAPAAAPWVAPRAAFEGRTKMAAVLAV,0.3047113822224657
MVGLYVCVCVCVWGGGVTRLALRIHTLCAQRKVTWTSVVPLDRQSKRREKKQVELLALSGTPLDVLEGNDALVFCEVK,0.0961380546071275
MVGPSASSCSGPSSGVWGRRNRLRGPDNGPPPQHPGLA,0.5124771616078367
MVGRRPRLRGPLRQQRRLARNAGRGWTLWAASP,0.6119560830525981
MVHISTNSIDAVRASDLKHICINEE,0.159581862285873
MATNFLNKEDRTLNRRISHLQGTLPFILHFVTNLQNSINWVGFHPFLAKFLKLNPLVRV,0.1222991765155904
MVHKAAKTTQNISNTFGPGTANKHTVQWWLKKFCKEESLEDEERDMGHGKLTTTN,0.6736839894435904
MVILENDHGEGDEFWRRAAFQIISGFGW,0.2734442356886801
MVIVLQSSDGGNTSPGSSRVTKGPVSVFGDPV,0.514825652420272
MVKNGGDRRNIQSPADCRDALGCPDPCGS,0.8944107723550919
MVKVSVAAAAMASRRRCWDCFALEPASGCPLQWLCYCMDCILDFMCMSQ,0.1641951303208765
MVLEAAAAVVAAASLAAAGVGAAAAAAAPAGGIKWRISKS,0.2289249189216387
MVLGADAVWLWIAPYGQLCPQGRMRIATEVLKSKPNSSHWHTGETPLFCTSHF,0.1088077074344856
MVLGADAVWLWIAPYGQLCPQGRMRIATEVLKSKPNSSHWHTGMESRLDYTVWSKF,0.0959595005134998
MVLHCDESTWYSFPKKLDHFLREKEIDVLFS,0.4277099298107216
MVLLLAGLGPGSKPPLPPALELLLRVCHSGLPVAGREELLHRQGFSSRNPTDNLNLNL,0.1134764508927187
MATPVGVEHGEQSQAFSDDEAFLCLASAETVKSRAPG,0.3907571111940686
MVLLLLPRVPHATSEICTQSFLLSHSAILTTLKKK,0.1022328049301571
MVLNFAATGDRLERPPRGLASPPSSQRLGTR,0.7906767744400597
MVLSNFLHELWWLRHRVYILGQKLNGSTKGNLY,0.1602492243806293
MVLWSHAAGSGGRSGCPAASWRFLFPVPRVGHSEALGGTLASETSSGTGVCGRPLAGPVSHPQKGIHWGF,0.3968550762328683
MVMTSDRASTRLRQDSMVLTRADRPPI,0.8657950033350522
MVNWFPASENLVFHGVKLTQHQDKG,0.5349605303411628
MVPEAVRPAGADRCQGPCCGSLCAQPSCGRYLRAGVSLDVGLGTRAGRDRGAFSCPLLSAGSRLRSF,0.2464529247933519
MVQGPVQTPALTIHRRKRRRRRRRRPSGGTQQALLPAPAVAASES,0.9354501795776222
MVQWKNWPESLEVWVLVLAVPLTHCDLGILCCEDISQVLHVSQQI,0.1265798846484885
MVRPVAVAAAVAEASLVGLQRGEDD,0.8986500321018189
MATPVGVEHGEQSQAFSDDGAVSLSFQSRKRIL,0.858393916346609
MVRVLATPRCERGRECSRRRRGRVHQPPGQ,0.3919917863561709
MVSARAGCHREAGGRLRESSPSRSGLKAPQVNGE,0.8605079895377017
MVSARGGAGGAAAAADATAAAAAAAAPAPASRR,0.9395187187192612
MVSARWFILELDLFKTDKCWYFIFYKWTIISFLKTTT,0.2407760594222423
MVSPMVAETPLRGLHPPVLSLPTRRGELPLKQSY,0.6785763253211452
MVSPSSRCRFGLLGTIWLDPESAWNRDRDLSGPAAGSSLVVAVVRGLRWLPGLV,0.0648502269582586
MVSSNHHHLTTLHGGCPLRAASAAALSSPLYLSAPEPQSSFRPRDR,0.498813022370821
MVSSSPQPRMTSSTGSRRNWTAFCCRSSCQRFFFSPHSPVASGT,0.3528890246611964
MVTASPASPPGGEDAACLARRLAPGLTVGPRALRTEVPGAGPRGNGH,0.8985554756139584
MVTLLLRGSSSFFWRAQGAAGVMSPWVLAPTAKFAWPGPPSRGLTRHTDQNPEQAVLSILRLLRLPR,0.2532135443553407
MATPVGVEHGEQSQAFSDDGKAAWVGKRGLP,0.8748428278486962
MVTPPRGGRADQIFLGPGTRRARGRDSPVAPTLIRVGLAGVTAADFALGHDQI,0.6722612696852761
MVTVRAGPLPLPLPPPPQKQHPRLGAEEPPL,0.9475646863015624
MVTVRWSAAHLIHYSFLNPGETITSEKYAQQIGKMHRKLQYLLPALVNRKGPILLHDNT,0.4852344060073303
MVVNVARRSRAFQPGGPELRKAPSAVRGAGARGGRALLSLRTAQRCALG,0.5031031241413244
MVVVRLSPVLRMPIGMGEACLACGASQWPSSH,0.2897817660704963
MWFCACADGCLLTPRSVPGLVAGLQG,0.208580504764297
MWHLSVWDRTSMGSRKGTNPRSQSCISAFPARCLTKKESREGLVDLEC,0.4667229738883213
MWICPGGGGGGGGGGDREDARPAPRSAVGAAGALAVLRGPRACIAVSRWL,0.3774727869854134
MWICPVMDGSTEARLGKFSLEDTRGRKTSKRRLFLLIFWRSFWRGTFGM,0.1948419117122718
MWIPKYREEILVLAAFPGMLPELKAVTWSCPEEPFLEAGLDEGFPADGIGLLELALELEPFMWPL,0.0449518011805703
MATPVGVEHGEQSQAFSDDGWLGGLKVLDEKMLSKR,0.8990245526123142
MWIYSFWRYNGKETAVSLAVWPRLECPAGLKFLTSSDLPPKVLRLQV,0.053770257705994
MWKVAARELTGGSSGGLRRRPERFSFAEVARPLLAVPRARAGSCVVPPRP,0.5397832647612285
MWLFFRGKNSHCSVPEPACGGQAPQMVSHRE,0.3782354882215978
MWLKWRRRRGLEAEGLVVLKTRGRRARLPGRRPAPLGNRELLAAGWGPSSQWRPPPCLLA,0.08068277486837
MWPRQTSGIRPCCRGLHFLLSTGPIYEEVAYESVMFAYFLTGHSKHRCAGTVCHGSQGAWEAHTHLPSCP,0.1152646467072649
MWPRQTSGIRPCCRGLHFLLSTGPIYEEVAYESVMFAYFLTGSGVILAHCNLRLPGSSDSPASAS,0.0735317995777687
MWRARCVSAAPSPYPWEVQVVPRQLLLLWDLQVPEGP,0.2754978248794602
MWRHRVPPTFRGFRREFFIETGRPK,0.4924033201786599
MWRSSARASVVMTVFALRGEGMCDHFQRLTCIPQIVWMSYNLNLQTQYSQTLGSDSLQASCTSPRKRACFPLDM,0.0707136205124209
MWRSWGEGVGGRWTRWRRGPPPPSPTRGGDRPGAGRRSCSATLAAARAEVWRSPRTWQP,0.5762420398532933
MATRAAAWDRGARVIPGGGGSGGSTSTDESSRASLLRPLAGCS,0.7249083065039689
MWSGVCPWPWLHRVCFPLGPSGSSSLVFCQGGVRGLTLRRVTCWLERQSSGLDLSFGRF,0.0701307549963386
MWTELGGPEPEPKRDPEPEPEPAAECQHAALPGTPAA,0.5386807019550333
MWTLRSRGRFLTNPRGLAQPVLPGLLGSDDHSC,0.6112830205906037
MWVPTKIPPLSPQLLTPGSGPDFEQISLEIEQSCAWIPPQ,0.5869019942146728
MWVPTKIPPLSPQLLTPGSGTVGNY,0.6262201957475804
MWVPTKIPPLSPQLLTPGSVDTGFHHVGQAGLELVTSGDAPALASQSAGITGPDFEQISLEIEQSCAWIPPQ,0.8183759436379212
MWYDTSNWSIISFKPHGYLKRYLAIINKIVMNTCTGVCTDISCHFS,0.1521382500840497
MYCGIAEPSLRRWDPQRSPLESASCRL,0.482694208073905
MYFSIPTPYSGSLASKLRSLAFAPGAGTRGRI,0.155639103331928
MYLSMKLRLRNQCLQEPGTALGLCRVERW,0.2579605310993801
MATSSAPAGVRTRYAGVFVRTPNGFGGPSSPSESRVNTESFGTGIK,0.7217901349801525
MYSDLNPEFSLMVKRLRNHEWRISSPHFLGCSNCSTENHSIRRHSFFNVCC,0.151835879121527
MYSSEKPWTADFGLISDWDNIQTHFQS,0.6425618475518262
MYVLPARGLGGWHRCWDTRDCVLATPRPAPCQPVQLGSRGCGALCLPEVLAAQWHLLQAFGVFP,0.1589255015377985
MYVTDPESPAAWDPCLPSVSPAELWN,0.84442068525499
MATTLGTSGTLRPWRPRRRLLGPQPRPLW,0.524627172188511
MAVAGAADQEAWESVPFPTGPLEVGASAESQTTPPGGPS,0.9632168297082566
MAVDGCLGWRWRREELPRAPAPAARC,0.4462962361868155
MAAARGLPGSRKQAVRGGSAAGTRAGAGATAGRVAWRPGAGRVRGVPADRGSRSSGGPPCW,0.8296749143251861
MAVGGTAVITRRLLGRSGFSFQVTIRKAKFAV,0.1961696018063512
MAVISASLRIHTAGKWTSPNWTPESSV,0.4342743441489652
MAVSCNPLATTARDGVEAGPCPRSSRQPRRWQALSPSRGVPGYRIAKPDLIKPRSQRTALQNRPYLDQVSQFLEPE,0.7136170214163875
MAVSTAFPSSSAWPQKVSVLPGGGPTSACHHGV,0.7688642792372852
MAVSVAMSKLCILQTLCFPKIGTQKRTDHFLQL,0.1543124163025145
MAWTESCTAACAFPSCLVLLYRGRGVPTDLQVPAPLFSTQSKLKRPGFPKTHVT,0.36293250959578
MAYVVIPGFLALSGGFITLNGFEPMKVYSLKKTDSPSCEL,0.1094393090818032
MCAGPWRKGAETGPYFCNDTVRHRKASLLCPF,0.4886526199263
MCCCSRRRCCRCRCRRPWCPGSSAALRGGSRGRGRGSRVQGAARLRRPGASRCSRRPPRVMPPPPASA,0.6469017055001437
MCCEQGEPQLPQAVQDRRVFLKAGASFEEVPIRLHLVDYSGAATKRDEQACVEIE,0.8230591930927369
MAAATVTVTKTAAAATAFNKAVWFTPCSCQETSVWLFNFS,0.1350052995673941
MCDWALEETGASALSWPRAAGAGVGGPCVLDL,0.8757869262783448
MCDYHGEESLSGGLAKETLLPPGSLLICADEISFLFLVSGFCWKLDYICAVFYLYRIMQRKGL,0.162468037387075
MCFLNQLQSLLCIRALKGTSRIEANETESSSAAQKSKDMEF,0.4862355230464491
MCGCRELAAQQRSERRRGPGPQTLAAAAAAETAGRGPEA,0.8788288974408769
MCGFPRLLPRGGYTVFQCATELTQWHFVAS,0.2731932546619127
MCGGWDPVAHPCRSCPSHARRRVFVVTPCCHLFSSLCEDLDWQ,0.2068566060892909
MCGITCPMCPRREEKGSRTLRKDCSLYSHRCHIQEHRSNMRYICVLS,0.3645216028865359
MCHGTHAVALCGFMKEEAGHATLPPQAKEKYHF,0.7808505380852795
MCIRRSLSRSIGPISRLPDSAMTSPVSST,0.6193696892011173
MCKSTTGARLHTSKKSGVGGSATFASVAPPCSPLCPRHSLMLVLRWAELGGGGNCNWWL,0.2647250288629488
MAAEAFGANWERSTRFLEHGQRRQEQA,0.8550571572039973
MCLCVGIGILHPWESGHIMERPSGSSASSVGAAGRHGPRSQAPVVRSSMGLVFHSCCKQPSTPVLPRPPSRCGSPSLP,0.4668308451355792
MCLRRTTGYGHHDFRVPSFRSPAADPRRQTEALQ,0.5943664516699763
MCNMRNYIETLQPSFDGNTLRTSLFQMGKLRPRIAKWLA,0.2180903115916207
MCNVCISKLTRDYYMQKSTCKNFQTHLCTSS,0.438778650783619
MCPGPLGREQPPTGGNLALRTAAGTSVCYRDSARTMEILYECGSH,0.6840965509949947
MCQAAGSAQSPCLPPAGPSRRPSPASRAPGTILALSVAPASGAFCSLRIRLFFRA,0.291873604779185
MCRGIQTLENVPPEFPASSKETRASMEPPLVAGGLSPRGIHHCRPLGGTNLEMGLVERGIEKSRRAYK,0.9278974623734978
MCRPRGAGVGAAGAMRAGWAGGRRGAERSRLGA,0.6349902735439841
MCRQRRRRKRWTSRTRPRGSSAAAS,0.4623858906325604
MCRRQNAKLTLQGATAGARDQPAVSHPSIQGIYCTVLFLEVRHTRLLYKRKIPGAQKRKGLHFESPLEC,0.1836159147658818
MAAEQGRWRRRLRLRPETAVLAVVVGGRGL,0.1603342823212156
MCSKPAGVTTLPRPDGGQSSEWQRVAALAADAP,0.7388520007789399
MCSLLCCILSSLTTVPSTQRALPVYLLSK,0.2258838930159644
MCSLYTSDVPDYNSLLRFELDLRIWRIPAAL,0.1116686999865736
MCSYIVICVHPRWGIFLLLNEDLTREQV,0.1523694987554737
MCTEGPGGASGAGLPLANRVPRETLKGN,0.8902093797576875
MCTGRRVLQPPEEEEDGGEEESGGLAAAGPGRGDAVDCVCLAVADARRRRGAGDPREGRPGGGGGGRQK,0.9712824152015836
MCTVELKKTDYQGSSEVVIGSLITPGQS,0.6816235759251579
MCVCECARSECVCICVSAVPQVPDVADSMRQAQGDGDQQLSPPLSG,0.8331133122700574
MCVCMCVRACVRVCARASVWTRRWGQLS,0.3443188100296387
MCVEDQATWRLAPREDGGAPHDSRLPSCPAGAGRGRVRVRP,0.8623990352138742
MAAERPAGILDRRGGFARPRIAGEWFPRGIGLPAAPALYCDAQPVMTGVESAEPPWPKETLPL,0.7058123580774636
MCVFGHAEVTGTVLVDFVPENHQFRAPLCRVLPRVDRRLRWGPARE,0.2857005301406962
MCVLPLAECVESCSGVRYSVFDRGGLRGTRCSEL,0.4958153060983359
MCVRPARGRPGFASTSALASARASTRASEELPRRPARRAGKEIINLPLNEKNFLKAAYTPRKKPQMFFCFA,0.5075388521293275
MCVRRRRQQQQQRLRRRQQRQQRLQRRRRR,0.7022646905030239
MCVSQVAGPTGAVRSPPDSVPAPLLAICDLGPVILLSLASLIFKMWLMPALGNRCED,0.094321886954898
MCVVAAAEELVCGAERPMDEEDAAAPVCSHEQDG,0.9697017548196474
MDADRAALTPVAQLPNRPPSSPPREPQQPRCQPPPQLGPAVRLSLVAACRC,0.3718478727333693
MDALSEANGTFALNLLKKLGENNSNNLFFSP,0.3125753055065208
MDCKRGKTGRLLGNLLWKPRVFPDQSLGAN,0.4587846461143593
MDCVLLHGLFTLLSQTLQLGAWAPLTILIEKGK,0.1123887656476686
MAAERTRPLQGSGGPSVPSSCEPGARSRAPGRSLRSVPRGTRFREQGTWEQRMG,0.6091533690330998
MDDGNIRLSRNPSGNGRSLFSIRQWTYRSWGNGCSE,0.4703080511407433
MDEKMLVLWVVALSGISTLFFAADHLVVCECTYRFGRE,0.0945638369281534
MDEMPNLRSRGGVENEKSFTAVETC,0.7999619402171871
MDFLYSDSYQSCPSQPKQERILHESIPECNFYITNR,0.3864299565513698
MDGDSSPSLRRRPSLGGRTPLRSVSEDPGPLLGIALISQALQREARSAGPRGLRSED,0.7417834851565015
MDGNGLFGEETQTVDARQGDLAVKGFDETCPVLSGESE,0.905564878914938
MDHGCWADGERLWSVALEVVRWEAAVGRPWRMPDKGMSDT,0.428270646954779
MDKDAALRGIPVCLTLRAPFCFKTCWMLLFSEF,0.152636597581925
MDKEPLYHQGRERNVLLSWHCIHRRGRKFFEGFQIS,0.3436807957366559
MDKEPLYHQGRERNVLLSWHCIHRRGRKFFEGLASGARSRAEEHFRRHWPLPQWLRRTQRPAGS,0.2706159768417268
MAAFARSAITASLRGLQGVRSMSPLTKVQKLAS,0.3246050185951328
MDKRAGTKTARHSFPPTVDADAGRRRAPERGAGSGGAENT,0.8510820044994266
MDKRKPTAQLQASYVSENSLDILMHVALNLTETCSVPGC,0.4765194936749489
MDLRHILERKVTRRGVQFPGLAHTDLQQVLPCAVTPSANWKQMVTRLWRRQGLKMGDS,0.3654017387726398
MDPFQTWCLFYKLCASTTISKCFSASQQSK,0.3017762162131536
MDPPGPGGKRPGRRRPRRHQQRQDGADAAGP,0.8810175152118769
MDPRGNAPAAKEPSPILMWKKWRTQNQGFPSDFFQSTGISLC,0.3096523321077162
MDPRGPAPQTLRRRDGAQDVGLGRGATTRTGRRGGAAAAGARSRRAPEGAP,0.9638670193164
MDQTPQRWHHDARPLRASPDVRGAPRSGRL,0.7386891654485579
MDRPFLLTLWRFSFMWKLEDKVKGAKSYLLW,0.1706263188626208
MDRRGGGRGGGGGGGRPGGLEPNRQYL,0.9430390549997528
MAAGAAWASRGGGGAHSRKKGPFSR,0.7187226669167524
MDSLTEQRLTSPNLPAPHLEHYSVLHCTMTLDVQTVVVFAVIVVLLLVNVILMFFLGTR,0.5074486676079704
MDSSWEALLLCSSWTMFLINICLSA,0.1157023176448236
MDTTLLKTCFGTATEFIFCGFMTKLLVVSLF,0.176907583752376
MDTVSTWGLRYVAAALSFISTSQTFDLPTLSSLLMKLKLLCDAYCPRSFC,0.5138722736137602
MDTYTQPCCPARQLTSPTQGTSFTPGRLRRAPGAQGRGWASAERQRTRAGASPVAPAGPGT,0.7189226004508116
MDVCVFTNKLGGEGATGVGFRAEKWEHCGAAASRTWALNIPGECSRE,0.6065656838009804
MEAAAAAAAGSRCAPSTAAREVGKFAARRPKARGAAPLCRELSPI,0.7945688939881566
MEAAVAQCLSGCRVSMEKRLASVPGC,0.6384608313324203
MEADDADSPPRRASGSRLRRALGRCCRR,0.8781147304423711
MEAEARENFGAWMWRSPTAELTQEIVFQKKAERRLGLRIRLG,0.3339469716634308
MAAGAGTCRARGGSGRGPGSGTAPGIPRECMAWAPFPLCGSREETLGL,0.6893014175959913
MECMFGPVLWSWPSTFGFTEDLCQARPS,0.5039334691544674
MECRPAGETAPPSMPCSQDWSRYLRVMGFPRYFRPSHRL,0.4919512278694455
MEDGRKERSGRDICLGEQCICTFPECCQGQI,0.7776399627704883
MEDLRCYKIIYGNTKGVELLGHMAIHLRN,0.2923666895786159
MEDRWTAVWPVTSPLKPLESGPLSSAGHIIGILTHSLNSLFIKT,0.2663867360267732
MEEAVRTASAPNARISHWTATKAVAVRAQDWAACVGV,0.4203388415732434
MEEPMDTSEPLSALPFTGQQSFEPSGKFGQYPSMQMNHIQALGKWRT,0.441926272588443
MEEPSRRCCRRCRRRCCRRRPRSRSSSRSGDAVLSA,0.6992465010618244
MEESYEEVVTEVVSRSGHVWISNSYPAGLSWKICPECSVLQCDD,0.4566672939199451
MEFCSVLLALLSQRNPRQQMPIRSV,0.133773532820838
MAAGCKTPDPPLPCLRRRRCWSHWDPVVCVC,0.0857285189434484
MAAAAAAAAAAAIARRWPAEPPRRRRARRPREV,0.7237996568676643
MEFEVVKPPPSSAPARRGASVAKPRRRGAPGSGP,0.4045380498985229
MEGAKGRGAGVRVCASANAREAGLE,0.880408237026731
MEGEEEAAAAKGGVWGRLQGPLCHS,0.7169186449771403
MEGGCSPPIPHAGHRWKCQTVRVHA,0.1524946942643198
MEGHFVPRRPRHPREDVKRNDPFRVITGWRWSFMTKMKVNMMWKIQRWKQQAKDAGAERWNLGYS,0.3191757294056404
MEGHICQSLESAKAGTRFPGPQWGCANPRELDCVPTAEC,0.7845243051642687
MEGHICQSLESAKAGTRFPGPQWGCANPRELGCKFVKNQHHVWQLSIGARSLP,0.4642742939985541
MEGHICQSLESAKAGTRFPGPQWGCANPRELGKLGSACSLGYPEGGVRR,0.7908660471137694
MEGHICQSLESAKAGTRFPGPQWGCANPRELVAETSTT,0.7914072309159192
MEGHICQSLESAKAGTRFPGPQWGCCKFVKNQHHVWQLSIGARSLP,0.3447140382511604
MAAGKRRKETISRPAASSPKYEKKIIRNSAGGVEAADGPEGGC,0.8786452175820054
MEGSRVRSRGTQSRQTGATGSCQKPRP,0.939674570848528
MEILENYLSTRFICIRSQRHLLDNKTLFQL,0.2772445187690437
MEIPRPGEGEHSWRKSAAETALAGLSTQACESGDTKTSKKGPVPRMCPLTER,0.950865284312322
MEIVFTVTVSFLTAGTDVVLNTVVYRWHSTRTL,0.1998206829921952
MEKAHRIPLKFNEKKAASRHIRVTFLNFKDETFYKHPVRESRLLTKGQKSG,0.3590191108348113
MEKDRCTLLGLEKKTKMSKRDAPSVL,0.8124192657119196
MEKEPGPEGGCRSESACGARRQRRVGVLA,0.3086860328258644
MEKGPGWKAFAPLLCSAHKRTPEMSRAVCSSPLCDEMCLSPYPCENTCGVAASILVFDLSKDDLIPL,0.3870714971770401
MEKSPENWDRGRKLQLRRRAAKVAAERLGVPTGSVAHRKEARDGRTVSHFSASGRCWTKTWN,0.549230093335172
MELESDGHCFLGLPRFLPRARFSWAERERGGAGRSRNANSRE,0.3192029480055954
MAALPPLLGSVGSWGARSGPEPELASRAETCAPRL,0.7366512842810893
MELFSRVETCGPLVLLELKTAAESGGRSHLEKSGTGHLSS,0.6589039561980923
MELLVVERPASLEWWRSCFLRISIKY,0.3316417946786647
MELPSSLSFPRCQLGQGRWSNFAVERLHVLPNESKQRYC,0.3431462893964555
MELRAADREPPANPSLHARLAFGREMRQWNLEGR,0.7099471129782395
MELVGRKSWGGFTHRPELASAGLGRASAPAGKERICFVCFCPGGASGLFAVEQG,0.3236563255655326
MEMILDKKQLQVVFLFEFKMGHNAAEIT,0.2530192805887238
MENDELPSADGMDWSGIVSVSQCSSILLCF,0.2771569830165949
MEPAVRMRGAEDQKTQGVNGACHPWSFSRISGLSA,0.681659830741628
MEPGPSTARAAPRLFVLLPQLLHRHLQLPHLLVRVHVRVNVLHPGPAASAARGPLALAATREEPEERGVHAAHSSRGPRI,0.265525464629366
MEPLSAEPSAAAAAAAVPPLFFPGRSLLCGRAAGMDLSLRIPC,0.3882798045681297
MAALRALLLWAPGAGGTPRMRTLRMCSA,0.1733030936463201
MEPRADSLYDVPVGAAAAPSAQRPGQ,0.9182455858614192
MEQKECQDPAQADAGQPQHRQPTRR,0.8955405916107355
MEQSPSTPPPPPGAPPSLRGQQQLQPPVPGLPAREAREPPARTPPRV,0.966182233842052
MERGPGARGRGPGWASHGTTWRPVVARLPGARLGPRWGWALAS,0.4174619682511683
MERKVRKLKSRERQWQGQVAKCTQPSQQGVCHSRLKDVFEELLSQWDAALKS,0.5014848596771557
MERPPAPPSSAAGREPPQRPGRGNAQGSRVCSQDDQADPVLRTRSTSLLHTLLSTP,0.783810746065885
MERPQRSGAARERKAAVSWEPRKPQGRQLASE,0.9253450923422027
MERSLLAARPRRQGSHPRSMPRPRSAAAPPLPAPQGALVPVARSDLRIPGVVG,0.4740132882356185
MERTKLKCCMAKATKGRIHNLHSWSYHLYCTVVIY,0.1088106296707143
MESELWGGKREDRGRGVRVAQQVAAGGDGGGGWGVR,0.7185745562057726
MAAPFRPVSSGLSMPGLISTRLGVLPFKGPVPTLSRGEGGGCREKLQAPVALSIRVDFETPTQPIAPAPESTAMCFL,0.4821149349903721
MESPSRAGGVGLGKAASPLCSESSGYCGAFPRRSARRHLHLGPTSWAG,0.5294518453132098
MESRIYRPARKEKKIPDVWSKQEFPGGLGNVWLFLSLLISVVTTGGPQKTHRNERPEVYKSLLEIF,0.102870032617675
MESRRRGIPAVEGQWIGARGLQLAWGSCLGFGRWGPVAHPFRSCPKWSWNWMLVTKTCWPSC,0.1455964359180214
MESSSRNNTRPVRPPLHWKTAPGRFCRSVPLTEFRLSAWSVVLWSPRTQAACMCLRPHGPNTRTSSGTGRPARPPRSGQ,0.0930244362190926
METAKAVLECPEQPSESSLCPRVSE,0.9435604017591664
METERHPTRGGGVGEAGRVRGRRLAGGAGSWSGPCAPRARGCRRL,0.8317769754183842
METESWPGRGRGELVIRPPQLFCLRIRALTNLPAGAPSPSLPAKMRSLGCLRVFSSLG,0.1557988582252125
METFFFLAKRMKTESSTFDCHPWKSSY,0.4973399558291803
METKALGQRGLRLRDHDGSLSRRTLPKASPSGYFLSEPAHPPEGESFPWTQPSRKTQPSCFADC,0.699604827025236
MEVASVAAYCAGCSSLCSAARCRIRCPLWLFCWLEDRPGAATPPLGKAETL,0.3211102373304553
MAAPGILCSGCRGCRRPRRSRAVLSERTAPSRSTTTA,0.5267955463378851
MEVLGCGAAGCGCAQGDGMESLSWHSYK,0.865457856941825
MEVVTAPSGAPLSCVPVPRLRSCPLTP,0.5666701693083889
MEWAGKQRDFQGSGFAESRNDHDCQQEFQHHPRSWWH,0.7753868658570696
MFADRKSKLSRNSEHWVLVIWTSLKHL,0.3777831037816641
MFAILLKVWPGCGSSVIEHLLRARYLPGTALGSRDTSVNERKGPALKQCEKQIINKSTNGII,0.1878741160102582
MFAVLTSPLAESLQEVNYPTLQNTYYFGV,0.4775753140786431
MFCCAQCEEAKEKKDLLKMCTSTCSLKIPSARHFSWRK,0.6382269901133266
MFCKQVPLQNQRYLRGNLDARPALAAGLSFFTCKTGILELLN,0.3800502477247076
MFDLRISEALLCIHSGLHRWRQQRLGRRLSGQRRR,0.2624164206066172
MFEPFLPREEDGLKAASWGLFVITALQRFKGGDGACAGLSSHPSEELMFTGYA,0.2726459798223343
MAAPMQPSALWAPAGVPRGCRRRLRRCLRLPAPRRAGRHLPPASLSAVVI,0.2721688596048236
MFFKVGFAGRSRPLLRLSEELCAVAGVSSFSQASLMVLMQRETKTSLF,0.1254268703372498
MFGLFPPKQPIFKTWTLGLAPGHLSLYQDSTSVLPTSSSDSWYPLGWRLLIFLPN,0.1507417785381587
MFHTPRPEPPRLLFFPPPPSPPHSCLHFLKEGFFSLSLPHTVAARERAGRAAEFSKR,0.4418193939115405
MFHVIMLELRSFHYFAPNQKTLFPVYRIGVIFENNWLMFKTEDCHDCLS,0.0380986868198771
MFIRTLKTTVLPFMRTAPQLALSWVPPGCRVSPWDSPLKLYCLQPC,0.0476724490796765
MFLARRERSFHQVDWFLCGRPPPFPPGQHLVVAGGVSELSERIRLILWEN,0.3015310610123349
MFLARRERSFHQVDWFLCGRPPPFPPGQHLVVAGGVSELSESARNQPAWWRAPVFPANQEAEVG,0.3846031225959898
MFLARRERSFHQVDWFLCGRPPPFPPGQHLVVAGGVSELSESHALSPG,0.3535156332622903
MFLGNSLETLTNRILVSLASVFLLPPRKGAGLCSRQDRRAPHAYTSLPELSPRASGPCLETGLAL,0.0610829933937223
MFLLNLEGSFCSLSPSVAFRLIEVQILRKSPAKCSKYKILS,0.0895645498231805
MAAPQQDRETAEVGGFLSVPAPPTQALSLPLATTACALPQGGRSPGRLRRA,0.5823715160986576
MFLLNLEGSFCSLSPSVAFSPVRCKASLVDRHC,0.1606664112916864
MFLNEGMSSGLSRAPHPASYSGGGVA,0.8172710311143416
MFLQKELVCSPLIADQLPWVLLMTQESFA,0.2012532481627605
MFLTAHPVIPPCTKVAIPADKQDNY,0.431314905899655
MFLVGQKIRIRSPPARCAAGATNPDPG,0.2453595741197249
MFNHRPNLNKDTSIIIERKTVLFVQLCKLSKYLMEK,0.2101260595917669
MFPAAAGEKSRGPAVVAAMLGAAGPAAAACVPGAEQCR,0.5104047728626253
MFPESPGSVRPRSRAAWGVSSAPGPFGPHTH,0.9122143280613548
MFPPEKDSKLCVRPGRGREGGRRPPAMDHHL,0.5027273155872101
MFPPRNTPALEKGLSSQLHLQTTEEPQGQTKPNQFWPVA,0.8975394207339404
MAAPWPRVHLCRSLGPVTKESRRRRRPLPPVGPGGREKLPLDVQNPL,0.6984961301933088
MFPRIVFSHGLGIKVLPHGPPYLSQLSCSLYQTRFRSYTEDSA,0.2891325675235929
MFQRKLRGAWAFRRLLSGLEPNLQCL,0.3271504718635533
MFSFKQQEDSSLAITVTAVYIVMSRKGPCLP,0.1149233819765668
MFSPQELTGEGMGQDPSLCKASVTVMFQVFLMTVCLYLTEQLVAIYH,0.265596434821978
MFSPQELTGEGMGQDPSLCKASVTVMFQVFLMTVCLYLTVLLTNNLLGSKGQHLLSKAQEEFEEN,0.0483558295652938
MFSQIEDRSPAPLRSAEGCREHPHPFGHPCPGRARPSLSGLDP,0.7049467388622096
MFSRFASPTRKLATCRVLEVETIWGLLAAVQQIYL,0.1032304744604972
MFSSPAPAALQAAAAATKTTTATATPKHSFRG,0.5395457791393354
MFTRPEMPRPRPGREKAEMEDRRLPYKLVGA,0.495871614052336
MFTSSEQEHVPKLNFGSPTLHSKSSTT,0.9216254040195808
MAAPWPRVHLCRSLGPVTKESRRRRRPLPPVGPGGRESQCHSPTALL,0.5957627474782219
MFVHMKLIKEDVNMISLCHNRLMSK,0.4250153516620004
MFVSLYLISPESGNYLYLLSVYCVPGTISMCIEKPWKAIQQYI,0.0947583038377307
MFWFWDQSILGLQPTAVTEFCAPCPSSPAASLD,0.4940361796063474
MGAAAGMVGFRRVFPASHGPLGSGRFTETRTC,0.1759767794818655
MGAGASRLLQPPEEGEPGAVASELGLSSPRGERAKTAAAAG,0.1674335232933299
MGAGGRGGGGRGGGGRGCPGGGGGRRRGTRAG,0.0835393917160226
MGAGPAGARGVREDLRGGAGEKAAGTGPRH,0.937353278283692
MGAGVVGGHGGAAPKRAKLGSPPLPQEA,0.8229171891555721
MGAPRRPGHEDGGGGSGAAARARGLCATACARHPAALPLGLWPGLLQDGAAVPGPAGRQ,0.6230509592954936
MGAQRHRPGLGRCQGELSVVSASSPGAAV,0.6787370416926279
MAAQIVSGRGCSLCGGWRLMSAVDSRKY,0.4221222819046725
MAAAAAAGAQLSWAGTALLELPQPTT,0.6747204677390634
MGARAAEEAPLVCPLVERALPALRGFQPGSFGKPGRLLTGDDTCVGCWHSCYLTREGGDFACDGLPV,0.5097803965696526
MGARGAEDAGGPGRDAGEGAVPGRRLPRRGLLALLRLVYAAGPVPRGHHVEAAPGDLCHTPAVSR,0.4622588956773867
MGASAGNSKVGFDKLRPAGGAHRVLEVHVCFHEDLSARSR,0.1662709314487319
MGAVFMRRVWEGGVRFSDKGRGYFVLLRIQ,0.1108444946294253
MGAVGTRRRRRQEGEQVLAQEQRLGGAGSSSNSSSSRRRRRQ,0.9446087344929412
MGCFLLASGMGAFASEDLQCHNKHMPALFYREPWRSWDRGHID,0.3644636548930475
MGEDPEAASVSRQEHVVDQRETRGS,0.8674453793662289
MGEPALGAGDQPPRPPRSRGPSPGASSQPAASPSRAAGLPPPRRRPGLCL,0.7003363273160328
MGERKPRGAQEQRPQQDLHPEPQEQPQRPKLHPAKEQKTGPGTAETSLQSSFH,0.9655862956967316
MGEWAEAGFPTSAAPGHWRLKRKVRI,0.6633030326626723
MAARPSFTRTVGIWASPKPSRWLLGLLEPVSSPLPPRPDPLFCPKELALTASGSRS,0.2674100522946119
MGFPSKLSRACSATVPGPRPGSLQPFRGPQELLLASPLLQGPMEPFRSAIPSNALLQLP,0.4735731765001931
MGFSCAPPGVWPSPESRGASFRGAIAEARGRVPGWGLQGKAAAAAAGAPPGSGTGELPPASRCQYGQNSL,0.9062781609622738
MGGAGPSAVSRQMAAPSRVRCGRLCL,0.6097660981531947
MGGGPAAGGPGRVTPGARPAPDPDPRGAAP,0.9694581273665884
MGGKGRKRTRIQTGEFADLRVPLRFPAGSAARVYFLFSDPATASLNCLNENVLGSESTTHLAFHTTLLDHVGVETG,0.1745725616296894
MGGPRDPVGPMVSSAARSGRCQRARSHV,0.8828878822852794
MGGWTGSPSMGSWSRQGRPAGSYPTVRSSVLALPGQPQHL,0.6437340538694736
MGHGMRRRPQQAPAAPAPAPGPAAAAAAPALPPPGEALQP,0.8742127816163796
MGHLHRHWIWPRNILKEAGCEPRGRQRTEMNVFPGFPGGLWHSPNSYARAIPDQEDLKRTSLKSSPDEELREKK,0.6723290992879793
MGHPLPPPLPPPPPPPPPSAVSMARRRRRSASSATQVHK,0.9610658330632575
MAARPSRATGPRGGQRSRVKPPPGRRLKEQLPPLAAARAVFAAATAVAMRRG,0.1332893528572336
MGICVKQQRRGAEEEKFMERKNAPRVSSAECCVGYP,0.6504124739421155
MGISVAYFQHCRADSGAISAHCSPRLPGSQGAGITAAPRM,0.4362206802982542
MGITLLSVPEILLETGLLSPSLPGNLFQKKHVSF,0.3226362473666521
MGIVLLDPTCNRWMLLHADYFFKPVLF,0.288360980036349
MGKAYIVDIFQALVLDLEKEAVELEIAMLFRIWGYSLPKKFLEN,0.0670721571788025
MGKAYIVDIFQALVLDLEKEAVELEIAMLFRVNVCRYWGKGRDQSKNGSGLKFIFHFLLSL,0.0887300578212811
MGKLSRCSSLRNLDLRSVCGTSIKMIYGNKVLSLCLK,0.1810618862834807
MGKMRTCHSVRPRTVLQNSESFPDGWRSRSLPAEVPSLPCWEDK,0.2191550345054589
MGKSKGHDDRLRRGAAQRAGGPGVHLP,0.853345447345116
MGLGDSECWEVCEISLRGSGRATPCFRRSCASSPQDPSGTQHCRPAGDNLCGSPESSE,0.8872651379657583
MAARSSSGVAAAEGAAALAAAETAAVTVAAAARDLGLGE,0.9542363883461992
MGLIPFRKTLTCTHPAPPSPRRAALQPPPPPQ,0.7827951188635071
MGLLRPLRTCEAFAVRWRRPSFLPPRSSLRL,0.1868091955357343
MGLPLRGPVAARTDTAPLVWGQDAS,0.74444377253491
MGLPPRRARSSSLRCGSGGVFEETGSPW,0.7449882623432358
MGLPVGGSVFAVPGRSGEPWEEVLRRPSLGSPQD,0.8802380624822144
MGLQDGVLPVWRAPDQSYSDLKILAFKALR,0.4975715454811508
MGLQRLATHIDGAYVQAPVHRKEQNRHSSWS,0.7178385353195201
MGLRFVCGASGERWRSLSPIVCALRAWPSPWKDRGLRGPTLGG,0.1018904039288736
MGLRSFSLPVLWCMPPSWLKNLHQPPLRLGSSLLSFTPRRSSVAPRALPALHPEFTLSPHLV,0.2271498125525116
MGLSVLLPLCLLGPGRFTSGQKPLDTPGLGAAVLSVRKAGLKMRSHLTPSVCTVPSPGS,0.2060340838703212
MAASGGTKKAQSGGRRLREPSSRPSRRARQRPRRGALRKAGRFL,0.6938695426824587
MGLTLLLPVTTSLTSYTFSTMEWLSL,0.1688996903055667
MGLTLSPRLECSEWCDHSLLQPETPGLK,0.6558741984588838
MGLWMHLDVCNEHCGWHAPVFWIPMHRTP,0.2778879310054192
MGMKVKTWRFHFSHCFCLQDHPLKVEKLLCVVVNSKRQNSF,0.1138325890402602
MGMWSRPSSTPEAEGPPGFRRKPTSTLDASWRMIALSGDVVCL,0.4224558391503915
MGNSRGAAAWGLKGAASATAMAAGSSRRLQLLLAQ,0.379993547062892
MGPGLGPGLTPQRLPCARDWRLGGCVHPQGPQKSLCFQLSGPVTFLRVVIC,0.1038683086487454
MGPKRPKPRSPQTAGPASPPGPGCLGSA,0.9472422027363356
MGPLRLSCAGTAEGNIPGSREAVGVMATR,0.5639115711756962
MGPQVCAPYSPPITYQRALQELLTNRLSMVLHSRINCTSVCAKSTRHWRNSRNNTWYRHMDLSGKRSR,0.0704465857762741
MAASSGAIAGGGGGEQGGSREPIRGKVRGAGTLRPGVTVIPKGRPQFHPFIL,0.7416272605549803
MGQERASLVPTRVARVSSTPEESPPGGAGGEEAGEVRG,0.9842212969515912
MGQGGVSGEFFRPVGDPSCPHARLDLPYELLFASAAASVTSAPPILFPVVCQLGESRESKRVAFWLSWCPAQAN,0.2004396199298774
MGQGPGHSEHTIDISCCGVLISSPVQMHLTYETSVTPALCQTLKMEQ,0.4983001685902066
MGRADTPRHPPPPAAGFGVHRGAFLIPVALRVLLAGRTPRPFTPGLADPRRLGPRRVQAAQ,0.0913990507234222
MGREAEAAERPPSARCPSWAGARSWTLPTHPRQQCPGRRRHGLLSGAVSGRQPCELALQRVQA,0.3973975736925975
MGRGAAEQEAAPVGVLGPRGSPLWGSGMAGRRT,0.9149166851845008
MGRGHWACRRRGAVWNMPSPPPASAAGGCTHLCPWPAQAHHFLAPSTF,0.3981388676260214
MGRGPTQSPPSAVTVQPLTAAAPLRSSRLQREH,0.653954634007967
MGRHCASGGSGHRWNPRPGLGALRAPTHGPAGPARAG,0.1032041864657422
MGRRPSRDLRSSGAAATPRTVQNFLPTKKSK,0.8725264204129761
MAASYSVASASRLTGLLGKASSGGASRCAA,0.1611527582496952
MGRSGRRCCPPPARARLETCHGQPPAAGPRVTLAAPESVARARGHAAEPSVQ,0.8926393712055984
MGRTWARSIRKETWTLVGSSAQARLTQMVLDTVPR,0.447869347689945
MGRWRVSSVESWPFASTGGKLAIATAGTGTQAAPRPFLIRPPDSWALALALM,0.097668014930845
MGSARAPPLSRRGAAQPSEHEYIQPCSGTHLHWI,0.7676547022061397
MGSEAPASGCSGAVRSSQREAAASR,0.9368893458031866
MGSGVAADTGSGKVSQTYTSGRAAAGYP,0.9389667123686662
MGSLESLLWKRCIYSATVSTLKIPIGIQNKVTFTDLIVLHSVVSRKQPPTMDPHSGRWLGARPPAEKPSPPAC,0.0823578634779691
MGSNGMTIPREHCEGERRLRDCTFWGPPGESEGS,0.8824890547536708
MGSRGPRGTGPGKRRRRRRRSRSPGEA,0.8672641912236654
MGSRRARPTAERISISAAEFSHTHRASCFCPLRVGVWLPSSGRGFGPGGGTTLAWNPSPLKPLCSLL,0.2538979370141073
MAATAAKREPRRRRCRQHSRRPEPTLGAVREPRTLSMSRRSPVVSE,0.7492303665462713
MGSRSFALSRPVLLPGSPQPLSEESTRRRGLQSRRLLPAWAAAPLGRC,0.5094333363259317
MGTRPRLQDISLSLFAASFSVDRVLQGDVEEPQRSCA,0.5026495863004796
MGTRRRAGEPALRSPGTILSFRGMVLGADAVWLWIAPYGQLCPQGRMRIATEVLKSKPNSSHWHTGIRQKAGS,0.2339771347035102
MGTWLPRVAELWEEKPVCLCIASLQR,0.1893084256696849
MGVFVCICVGRAFGGKVTGSSEAAGEQGSR,0.1575929921149316
MGVGSAFSQSGRNRGFCSAIGGLEGGAFSPIPTVASPRMDPKGYCCYYGARQLLSQL,0.4122707850230738
MGVSSWLWKSILLPCPEATRRLSSSLPSR,0.260230043695388
MGVTIPALLAARSGCESSGVDAAWGKP,0.8812729514853697
MGWEGPNSRVDDTFWASWRAFAQIGPARSGFRLETLAGLRSRRLKQPKAFCLRDVAP,0.0679545005591368
MGWNWSLSPNPKANSIMWLLTVPHSPVDASQKKTPPAFPESPAAVPPTTTGGPQTQLCIYTASHHSHSTGAQQAH,0.4832062114701778
MAAVAAAAREEAVPRSGAPSAAAESGSGPSWRTRTETSGSRTAT,0.96755554508862
MGWRSWEERAGARARAGRAPSLPDSAPAVRAQHAGRRSTDAPRSRGLAGLGS,0.7381347927275381
MGWSLGRASLRQRLRQTQQGPPGAFLPLNCGGGRAHGLLYALD,0.3627511991873533
MGYMCKEYRLLVKPEVLLYFLGDPGRPC,0.2277743842155394
MHARFPLIARTRDHYTWIPKINMAVAVR,0.14427059875949
MHATDPLLPDPRSRRPRPVGLRLTD,0.7350420913891131
MHCFYPPEMVGNPEAMTGTPESLGNYPLSNLKRAGAAE,0.8820633844541439
MHCSCCGSSSWRPNGWRFPAASWTISAADLFCIFPARKETMQSECVFRLNLPIGFTWISTCRTHQDYLSVG,0.3146502329639273
MHERAYWFQIPHLGTGIGGLFSKLLVLIAPAFQITSGNLWEEPRGWKMFLSFAKGRKLCHPAGDLSHE,0.1415609785210704
MHHLKPQSQVIFITFPSGMPPVLKPTTTPVEEQPCHQNRAKNGSPK,0.5024300340853719
MHIITPSASENGSHLFVPWVFFQGTNLPF,0.4511619229939032
MAAVSVWGISAVRPGAPGSRLSFLPDSFY,0.5115772294649898
MHKAKILTFSRDQLCPRGSTDPTMWTLLLQVGTGVLK,0.3850057187549124
MHKICMTPHSFLDLSLDSSQHGSHHKG,0.4498278013907157
MHLLLLPVIFLPWVLPQHKHTSATPGFSSEKQFMSETENQTANVKFY,0.0615479604562991
MHLLQKQPRPWLWRMLKEEDAEAGRP,0.3519823731536056
MHPVLGAWYTGVNQTPFLPSGSSGDCGRTRT,0.2227584669027367
MHQFNTVLEFMRWKHRSKLFGENQKYSFI,0.419843137744335
MHQLMMTAESGRAEDPKSFPRLAENKLPGRRMRRQETNCLES,0.7637035302818558
MHQQESTSRTSSGHSHDQELNFGMCP,0.8763449630849667
MHRAPPAPACRDWMLPSPPGGKQRPSGPTEFGPGPAPLSASDRLRPPHSPRRQAALGF,0.4022907667551692
MHRLLQRLPVFPTSRDGFAHYQASFPCRHREEG,0.4395314245523444
MADDLLCRLALVALPLDPLVQPGLLERAVEEDEELDVAAEAGLGQRRQKPL,0.7193200615644995
MAAAAFVVPRVKQKAGATRRGSEERG,0.1469158113975847
MHRLWIGPAFFLMTSLSVSGAVIPRNGGPGGVSSGPCLLQLLCGQAGSSTIRKIPS,0.0818536737652376
MHRPLDSLKPLIPLDRMQVQPRWYTLKPLRQ,0.4463654068380375
MHRTMARPPPLPGPEGAWRSPSAARPAAWGPERGEEIVF,0.5367796956116456
MHSGKPHCAVTSCLEKRPGFCILEYTFTFSRAWHRFD,0.1670583197204204
MHSVFFLPFLFFFFPGSELLMQIGLYSLMMQPDSFQDYVARVEF,0.1285233463608708
MICTGHTWRYGHATHVQTEVYTQECSDTGHR,0.574903872477978
MIEESRLPFVPIKDLQMEASAEFGLRLGLAGGRSRRRRKESWRAHACVIDPPHVWPGRGLPVLGGPAPGRSIFPDVGSRL,0.3905658870651126
MIELKGRSKTWKMNIEGKVKMEKRRGFILRTVTRTLRIAASRSIVYMQKCTVPGVKLLVFDF,0.0796991805421149
MIFKNWSDRTSRPGTLFTGVWPALRAPLGTSFWGEP,0.4223081039268468
MIGDIATNLYTQQLRGLQAEQQVRGSGRGAE,0.7822716082653917
MAEDYWDGRLRRTGGEGGRAASSRAAAPGAAAPAPRL,0.560899651788928
MIGGRHMCLKRALSSEKSNSEFWGCALICVHQWQNHPANQITSAVVTD,0.1491553815246048
MIGRPQEKPPEPGPQLSHLRRSRCERRLLTTVLCGLYLSQGEDVKPPALHMSGTGQQEHLAPATFTDMSAVE,0.5013392180493554
MIGRRGLDGPGKEPGACGDPASASTPGRAGWEDEDGCPGLPPPQEGFRPDAGRELQAVSSICKGLNNKNSDFGSGASR,0.974970219977494
MIHGDGLQSRKQKKTHGTSTTFIIRGNRKNFPRPTKIIQIYYR,0.2699874819198543
MIHQGIVVLVSWESLHHAKSEIISDPGVQGYSRSRESSVLLSPN,0.3539600083979221
MIIGPKLTALPKRQRSQDIGRSGAALETLKFTSMRGLECSLGRRASTCSPGP,0.4850675395825103
MIILNKTGVRGLLLYCNHGAEIPVPSEGVQIPL,0.2206524163831201
MIISHSKKFGSRVVKRLINLELNSITQDPFSLWWLKLCTLQACTMAAAVTVKTPLHHNAP,0.0640984622143282
MIKFEWMRSCFLGMSKESCSLRAGQFLWLYPLRKHREVCEVKTIVMIARCLSFSFILTVCRGYMMCDDILIDVNEWCYT,0.0720851076018243
MIKRVLLERLENTRKLRELTEGRTLDWPQNRITEGHY,0.4263172992085147
MAEEQTPGTTLRLGFRPRHWILLVKIKSFGCLTVKMV,0.1418378300024645
MIKRVLLERLENTRKLRELTEGRTLDWPQNRITEVSAKRQIVTEYREKGKRN,0.5223305197726209
MIKSLSAGPEPYPAPQASSLARSCTCPERKPFETGTKALERLAGPPT,0.830585553523438
MILLKVCSAASLLGEGFMNQVTSTNKASLSLLSLTMKVAVNKGKKERELFIPFQFQ,0.1040794149958094
MINDLMINLDASSHASGHPTGNDTPAPGIRLSST,0.8544560112622595
MINKGVRRNRCWKVTKVERDVALALQSLSH,0.3668117849508552
MINKGVRRNRCWKVTKVERDVALALQVRRERE,0.3289250307957949
MINPAGRPARDPRRRRGAGAGPRRTARLPALAGVSA,0.5222041897149545
MIPCSKRTFHLFNHSNFHSHLHDYRKHGVCRLVTHKKIAVRW,0.2407304285971552
MIPGGWRRRQRRREDDLLPGAECRPGPFLHCHRAPATPEGLHSI,0.5386807019550333
MIPHEEPGSPTEIKCDFPFIRLKSEPSRQ,0.4070553189837975
MAEGDTHRLKADCDSPYPHKAILTP,0.873605216394999
MIPLVCRLRECLELFGGRCRTVTSQSAARSRCLVLKSSLRP,0.1157129734227896
MIQKREPGMLCSSLPVGSGEAGGVAGLDGRHENS,0.8688854364517116
MIRFLHQILSLIRKIPFCQPNEAFKEDI,0.2601073000105544
MIRMLSRSFWAHDGRYIQKVPRRNFLLEKMKKQYL,0.3351379204607114
MIRRTPSVSEHEVNNGELFCCIDVPD,0.7037579616365761
MIRVLMILLLAYQLLHFHFQKMIRALK,0.2468625000840247
MIRWAPSASPGRAHSPWTSSSVASDRP,0.6742798708759832
MISAGCGVSAAGRELSAPRPLRTDARLPAEEKEATNKTL,0.927899771221804
MISAGCGVSAAGRELSAPRPLRTDARLPAEISMTTLKMNFLYSPDILI,0.4557486645136882
MISLLQKRGLQNRHSGVLCSSHSLFCSSARRHQTLRKIYYS,0.2051875256308223
MAEPGVRRPRRRRRRRRRRRRPLSARASGP,0.8989527624548268
MISVFLCCPVMAGTRIVWSSDQEDSQERTESQCAVCHGPWMNVCGTGLN,0.3078860448302524
MITKVVFLRAKLIHCVPDVLTPAISPSVGNSSA,0.1529149270028682
MITWHFCDTGRSSGFVQVCKHVHPVSDLESMVHR,0.2833743010029119
MIYSWAVFLYPGVHPVHPRNTDLITVTKSDG,0.1441337597848444
MKAHAIQVPCRFWSREKLVSADDCK,0.5930909447590613
MKANSPTEVAGTFLDEGSLLRLCLENPQSAAS,0.8343161194009729
MKCGPVAPHCRFSSFLPPFRKCAKEHTDTEQTGHLCNHMEVCLILKLKKLSWKTERPSPDDIV,0.333412218897891
MKCGPVAPHCRFSSFLPPFRKCKLRISNLHRDVF,0.3860249975275504
MKCLIQGHTMSGMDLQISLLENKLRAPTDCTL,0.4831549007457273
MKCVLPHWAPGTVSGAVEALIRTFQNG,0.3934874772173954
MAEQPRRGPWPRKQGSRAAPGRGGARGQRGRRPVLRV,0.7084537790996215
MKDYIRQPDAGFCDSRKRGSWAQGEHTRRSRQSLRDSPPTPNPLPRSHPKGDFKKMEGSHGSHS,0.8588899494736648
MKEAVDWYQESVSKEALTRRQCHVLGLLSLHIHELSFWNP,0.2206333674885768
MKEAVPPGCTKSPSHFSEGFDRWALEETPPSTARTGKHTPLCLPGRATEIGTSLSEAEEKAVNLPKQP,0.9635400212521072
MKEAYGTCEDKCYSSLFNWNFCLGPVYDVSPVICSFGSH,0.3026570011714702
MKEPSADPESVTHGSQRGVQEMEGAMFEQSGPQPEGQC,0.9779543712933488
MKERTSRGFVFCETVFLYSCSNDRVTCTVVLLPECTDV,0.1521683912831023
MKGGNGPLRGALKSAVGGEGPGHTPSPPDSSPSGSAQPWTLDLDKKREAALWWI,0.7482277908465325
MKGLHSAWIAASRSIVYMQKCTVPGVKLLVFDF,0.1375375701043138
MKGNNLRRQSPALRHCWRTETDFFLFTLIGASLLQSASGPCRIS,0.2591410322073941
MKGSRCKCQWKGELPSLRAENTVKSLSKLKDY,0.6235777710880546
MAEREDAAGVRAALLDAEQSPVALRPL,0.8826381008701933
MKGSSGGVGLMGLWKRMTPIFGSSGTPISHRPRTAHMLTCLRTPS,0.3278577308310121
MKKEQKRDLTVAERGIFFPRWRLLHDRTRSI,0.2306189864290775
MKKSSLLLLLLLLLLRVPASSCQGGQPASSRRGARELKESQFPQNCCSEKRSLLL,0.0614897530920282
MKLSPGLLGRRECAGAAWERREECR,0.7477876574025697
MKLTEPEFQVMILYGFFGAALDLSSD,0.2448505423088263
MKLTGLREARKSPHRSARVMGWTDRLQ,0.1327131510203185
MKLTIPVFLFKSLQFIMELLYWLLEGGDSEDKEVKPV,0.2926898779544553
MKPAWKIPSLETEPDRGRCTGRTLSGFSNQAAILAPQVWDFWVFSWLASC,0.0896183563605078
MKPGTHFPGMPSLHSSIPDDFKNVFDQKTDNLPRKSKLVVGGKVFAEVCMVSQPRPCFQR,0.0991214981934296
MKPLRGESRARGGGEPARVRSSALFWRST,0.4031590871519377
MAERRTRSTPGLAIQPPSSLCDGRGA,0.5891102440944953
MKPPPSQAKAFKYGLRPGTQSVTRGSLREGRAPRGSSDRAGRGWRSCGGAARRKVLSERSG,0.2602549661956168
MKPWPSVTQRWGVLALSDTAPLWGTLSACLVQEALGLMGDSARQCQSWDWA,0.0931671538622673
MKQEEEAERERSRPPQPRLGQEKSKTIFLLLSVLMH,0.308330331956379
MKQTGDTSGENLQLANPQSVGLWLPVLPSLPHGEDELAEQTGLPGPWAPYTSRGQSPNPSHG,0.7921035911097678
MKRCHLAAMAAVVSATPGQGPVECSTMGSTGYRAETALCQLCC,0.0947125371998033
MKREGGAAHLCSDSLPESQQQDGNHAPNFSSHGSCRRRQRRRHDKALHAR,0.7907076533717033
MKRMACPEDSQIHPSNRLHCRRQSGFILYSPCRLPSS,0.433098851496209
MKSCLLACPESPQITTGPSTAAIRTGGLAIARNHPAGVQLIFSSVGREILWSAFKGFLL,0.1161052662837177
MKSQVDRQVQRSLQTSSGPGARGRKRTDLVGSLSHQSGPPLLPSNSADRPTVPPLFAG,0.4318308656084796
MKSTEEGSPAPCVPVQNWPICRPPENHMGLDLDILNRKG,0.3947007319317199
MAETSSSPFSSSLVPPARRRERSTAADPAQALPLSQPSRHTMGPEAGLLHSSDDAGGGPSDSQLPP,0.9527780774366764
MKSVPHATSPRDPRRVWNPSPPLSAGGQLRPAGLGLLNTDFKSGPRGPASLREVVAFCDIRKIGELCAWQLPC,0.2758447744963839
MKTIEDSIAKPWPFLSVVRPMPRIKEGYAFGYSRHTPF,0.2294659922404538
MKTLENFRFSIGTTKMEGKNIFKRKLF,0.4664203013119586
MKTLMQEVGRTWTNFSTGSASAAPRASSPFPSSPGGRRCPRWWPRCWAAAARPAGGQCRAPGCA,0.2062452427622788
MKTNGEPRGKEGRRGRGSAGAPEGAAGLRKREQEAGRGRIFAVVAAAAAEAYPGMSGPAPRGPQAPRCARCPGL,0.2675305310689151
MKTRGARRRRRRRRWRRRRRRGGEGSGGRSEEGEAGGREGGRA,0.8707046017409354
MKVENLEPASNDQALSLCLTTVFRCSCFYYPYFTTGEEI,0.3033343860934459
MKVKRSRATWTELPGRRRREQDAAARN,0.7115677014644721
MKVRNSRIPGDNTSANSAQAEQAVGGERHRAEKHPHLESQEGLTSERLSKYSFEGY,0.956605072250031
MKVWGLAAACFLLQHHGMPAQFTLPPAPRDETSPADAVCPGLGRDLCGSSRCCLRPPSQPDWKEPSGAALRARPAPRGR,0.17116581652736
MAEVAIVSAATKTVLTCTTFPSIFPGVPLTLHLRVQQAGFRECSVQKRKNCRESSPSFC,0.2144295256926987
MKWPQMIRRPQHWTLLMICLDLLLVLLISHTLNL,0.1390579657675543
MKWTQHVKTILSRSLAVKENRECAKEHTDTEQTGHLCNHMEVCLILKLKKLSWKTERPSPDDIV,0.273695487480316
MLAAGDPRSPDRSRAGQPATMVALRPVQQLQGG,0.2767231495326428
MLAALWVGTGVPQPSREDWCAQSQPILELSEATS,0.451305168969229
MLAEIHPKAGLQLPISFKNKFSGNISSSHGYQTFLVTEYTQSLQFIMELLYWLLEGGDSEDKEVKPV,0.2291968437399988
MLAEIHPKAGLQSLQFIMELLYWLLEGGDSEDKEVILSLLKEYFPL,0.0755186733398102
MLAEIHPKAGLQSLQFIMELLYWLLEGGDSEDKEVKPV,0.3047837893115117
MLAFWAPNWHWEGVTESTRLIPGPTFKRSSTYNPSISLKTKTSLN,0.4357128464093666
MLAGTSGEHGLCYCGSSTTGPRPGSPSLLAWLPDRAGRLRLPAEEAREPRAPGRPGAPPS,0.8803742614744627
MLAKCAPCNKMKRRDKMMSFSHIVKPKTNAFCETKLTNL,0.5291859789654265
MAFEKVCLIPGCFSWVSSSGTSSLSSQQECGTFYRLIKIKDMFFGQQPELKICWNRVRDHFSCS,0.1346458827015945
MAAAALGRARRRRQNGRSSRTCSRVPSSPLRAAADARNPLGSRPLHC,0.6322756573315076
MLCCSPMSQSPSRSAAALSEPLAVWMLHCACQDEVRLGGH,0.4985794891325322
MLCQSPPLRPRPRPGSLAKPLPSRRAQPAGSRRLAGQAWCAVGAGRARLPRVEETLPCRDGGPGRSFTP,0.681124189548344
MLEAALRLPWGLCIGSCFSHQRICAEWNFSILLSF,0.0989868914778084
MLEAGAAGARLASLRLLAVTEREQRGWSSDTNHYVI,0.6014944954869295
MLEPGATNLQFSEWPCWTLIWITFFHLLFFLHSGLS,0.3498067373966346
MLFAEFLREVSGKMEPKGRWGVGSARKQAFERKRKNPSAPRHLQPSSHGPSRAQGH,0.2731048426083319
MLFFLYLSSRCRWYLCRRCDGGSREVSLHL,0.1443349789048664
MLFLLTISGQNYKQDFADRACVLPKQGAESMRTAI,0.2162665439486672
MLFVAWCFCCSQDNLPLMIFKRVVL,0.1204226601611566
MLFVAWCFCCSQDVCHTSHSRESLSPGEGFLRLRVLAAVVFQLSGRFAFPHGHSGPCSSSSFPVY,0.0461054240073424
MAFRVDKSGGGVNWFLVKFGSASCEPI,0.3261614511564937
MLGAARRPWGPLPVPGLTPGGVSGNPRPFKRRWLLFHRWRP,0.4794122197366811
MLGDLFLWLLMPRKDSGPQDSPKLEFEYCSLAV,0.1223715939180926
MLGGGGALLWRLGRGGVCSESLCVTRALPRKGRAGVMTMVTPGGEFVTSPARRDSMSMAMVAWWKGRN,0.136070995452417
MLGGRPEVALAAIGLPASHLAVLRRLPGVTCSRARPLPLAGWIRRRHSPARKPQAKTYGIQEKDVLPLLQIMENFVKQA,0.2645178870445363
MLGISSATFFGIQLLKTNRMQIPQLQVMKTVLGKLKTT,0.3003263714933515
MLGLDELGRSGCGHCTQADLRFGDAAGRDPGQDNDRNTAEPAFPPRPESWRQQPL,0.9610781699291516
MLGLGRRRGLPPGLLGHRRPGRPACRCTTPSIYASSGPW,0.4474419001678916
MLGLNGGRTPECSARFTPRRKDTGS,0.8729620041954949
MLGRYPLSHKDGNKSLPPTVQTKNSLQQDIS,0.6916305943716822
MLHHRSVPPPFRGPPEKLSDRILGETALD,0.7622495112385774
MAGEAAAPRAVRRSAAAARPAGRRGATPGRPAGPREWGCRG,0.1491776348514715
MLIHLQERLRKRALNIRKNTSSVLRSYLF,0.3001296678034946
MLIPPDPGSAPATPRAAGLRPGLPGSLGAPAPGASDLLVLLISMAFLNG,0.2296245196154322
MLIQVGCLKPRSHPRAGRWCQGPCVGEGLG,0.4977802200887168
MLIRGCPISLRGATAGRAERIREEEVRGAVHHKRH,0.4048788131788292
MLKISRQFLWNTSPSSSNQAPYKQEIAWSNL,0.3535516297217844
MLKRRRPLLEDQTEHTESAGLAGGAADIMSKHREVCSLSRV,0.7404353726566194
MLKYYEPSELVERLQSFGCYGPFSWAHTFGVVQNQKQPCFPNT,0.4116135708580175
MLLLFSPSPGSFYSSFSPRPQPLVGEVVVALGARGGCRRPAPTPRPCSPRPALQ,0.3615506768541524
MLLPCLKEDNKSPTGQNFRNLCGRKRQVSFKSR,0.3332493331152802
MLLTRKGAVNCALALADRKKFWPSWK,0.6452484114109137
MAGPREQRAAAAGPGTLGQWVKPGGSPCLARWAPSSSEPKQSTLGTQLHPDYRGVPRLEAELQRGPARGFAENK,0.9478131920344388
MLPAPDPSRGGSGPPVESRRPGTRVSPT,0.9219492003691856
MLPCWIFASLRAEWEQVGGRESQYTLWAD,0.2529605220272567
MLPGPASQRGAGRAGREGTAAGAARPTVAWLGPEMGRRAFSGSVEAARASPSRCCDRK,0.6700241792443449
MLPLPSQVGSRYLLSIRRSGLPERVHEVFRVGKLR,0.4316558618557289
MLPQNLPRVFFSFTHELHNCRFEHNVCRLC,0.1865358030465826
MLPRLVSNLVSWAQAIRPPRPPTVLGFQA,0.2051591353412786
MLQASAAARAQPRTSAPASASWAMPCCLHAGEVPGRSEPLRAPAPRG,0.0604111665540111
MLQCCNVSATKGEKRPRSQTKHKNWRVTHLLGYLQSPNCVPGVFLAEAARCLSLFFPEKKMD,0.1100525115971382
MLQDEEEWIKTLASNSIKRMKPSGRHAWIEILQ,0.4858673445173821
MLQLGPPLSERSFAALKLTGEGKASPGV,0.7550606675384868
MAGQLIALLYPELLRSGRFGSPLVGSGPEWGGV,0.1787700415868058
MLQRDEAAAEEVAAAESATALGWREGGIGGGGGVRGRAV,0.978960063078478
MLREENAGRPGRCSAQTYARVFTAHTRARSPLPRPGLWSVGCGTSCGAGHF,0.4499381178584625
MLRHVKKFEEGNFAAFLAWLPGVASKFGGVNRCCHVSFAKLHRRCVPKHGHRQERGPAQAAAQE,0.1108357703190765
MLRKMIPMILKMFLHRNEGNTKNQIQF,0.3327153286316666
MLRLLNIQTAFWLIIFRRLDFWISTPLHLY,0.1095765708203789
MLRREPLKQNLTCKTQEPRSFKNSEVEGHRLLVLGSDIRRRA,0.0865099864074637
MLRSGVGVGVPPTASRCQCRGSFCLATRSRLRRRTPEFTSLPSAAHLSCLGPRREPGDT,0.3875705502547507
MLRSRVGDWAVGYRPGKHAASKAAFLREICVTLLPSVYRPCTSPGRFFHNLNLSSPGIQLQQLRAFHVTPGARRRLV,0.0822742925061745
MLSGIEGPGRRRSTGLWRLRPAAGVGS,0.5868878498065682
MLSKLVSKFWSQAVCLPRSPNVLGLQA,0.1307332676464184
MAGRLALAAARAPGLVFISVSFVLRGPACVAL,0.1300281768186882
MLSLRAPLGRREASSGSGLRSVGASARLSPALAGLSGP,0.6130083928278915
MLSRVWKHLTTKCYPCENSYSTRGSASVLYQHFCLQHCTSSATSS,0.307258413442542
MLSTSSVKLSTLSPSPSLLGKSPPMPSCCS,0.56515895262662
MLSWLRPSHRLALAGPLTDRRRRRLADCPLRRRSSCSAPRRAALRPRSAGPRGSRGLPENPAGVTRDAEVRLPRFALQYA,0.3858469430629346
MLTAPGDRRAGEPCSVAPRSASAAVRVAYRS,0.7207088870499813
MLTCKVKKPVVLRVFFWGSVWDPVRVESLFK,0.2678268962014363
MLTGFCFSSQPCGAGTEEPIKALPPAASPE,0.8532637768609255
MLTQAMGMVGSRSALQGACLCGTHTPALPGRLWLSEHHGGPLTLSLLSQQRPRARDRRTGVLLHHRTQTSGLTPVACDYE,0.4591345350967693
MLTRRGDRTSLTRVGRVAESGQGVA,0.7574810439256517
MLTSCEMTKDLAAEGKRKNNGIFSVYNWLNLWMWKLQIQMESRLY,0.1242967624370904
MAGRLWRRSGEQKKGVFIRFLIVLPLDARHVLGLGAARRGRQRPCPLLAGRTEFWPHCEERQKPAVAAG,0.0467019601193366
MLTSSESLKILLWPDSRLVGERLFPRQER,0.2743004805085662
MLTTQDLKQSSVLMSYRIHVEVNVTL,0.2429596036814426
MLVATGQCSRCFMFTFSTFSFNCHNSEVDSVRDRLPQDHSAPANSMQLTLTLNTLQLHS,0.0918444571074361
MLVSGGLRSTILPQSMVAEYPELRGVF,0.5409510793730353
MLVSMAGPRSQDERKCCCEDPIKAFT,0.7716130311354235
MLWACPLEPHRRAAQWPVELRRPQASWTRSCKTSQPC,0.4125137475311025
MLWGWAWREFFCGSSGVEWSAWCGVRRSSRPVGAEWSHV,0.1278709683209915
MLWNPNRTGVGCRAPSLPSPLLPEPQRQSCR,0.4344010858631302
MLWSDLPSRGTETFAGWKIHKRKLL,0.3850057187549124
MMASTEALIGLKVSKQTITLWKKQG,0.316958822480137
MAGRPRLCTQGIPVRGVQAAARAGAGAFDCPARR,0.7321354012180542
MMFDPAAGIAGNVISKLGSASVSSLV,0.6751344764523989
MMGNPGLALVAGTPPSRSCPQANSQTSSKSLLGHSAFCSS,0.775901659449283
MMLQWQEQLKFIIVLRERSSAVLGRDSRTPGDPHLGAPGHGL,0.3365545466904438
MMPRLGSPAHRPRRGLRCTRADRASASRGEESARSPRPALLAAGHSSQP,0.7270412721527735
MMQLGVHYSKCTGVFFLIVSKTGTWI,0.3193007618635166
MMRPCLGRCSRRRRRRRPGGAAAPGDPARASDPIT,0.7119987467444826
MMRSDGSDAGVRCCAAPGFVPAADCAACPRV,0.6827320254528697
MMRWRSLGHLVLPDVPGVTVNGKDRQS,0.2968010587863738
MMTDAGLGDTPHSPCHSGVIRHPRV,0.9148343078107172
MMVAGAEGAEKGPRRRWVVRASSGLKRRGQNQVSGGTKGGRR,0.8240677485910066
MAHFLAPTNAVSLAAEEGGEFCGEIVGRIHVGIGKSLSPHYKIGS,0.6393823821989705
MNAFPSTSCWLPRRQALSAERSGTTPKGKKHL,0.8076232305694042
MNALASLTVRTCDRFWQTEPALLPPG,0.2480511869229157
MNDLKVQIKTEREQCQLGAGQECQFLLPRHPHLVLLHLPHFIRQTQSSPS,0.4314256952756902
MNGGRGDREPDPWEVGACRGMRLALPGAWRPRG,0.1082154102515572
MNGNRLRRTRWGPAPTHGAQKTWLWHHGQTH,0.6498003330175413
MNHKDPDCSRLDYFKPPKRGTPRAGSQQSQGTRGLQWTDLPLTRVAGEAEPLWPS,0.3861921678836432
MNLLNVGELLLICCISSNVQVMLKRNPVLLRSIDKPLAR,0.1012342562240434
MNLLSAFKLTWSESLDEPVGPFLLARWFGTSGFGTVRGWTKILRGC,0.0724994155969116
MNNFIFLKFMTLGTSRTGGLCNLRPVGTVQRSEY,0.1701802325117356
MNNFRFTELSGFHSLCPRSLPESPAQSQTMQLSNCKGAFEE,0.4982810809560597
MAHPGLWAPRPGWALPGVGLSLARPLKLRYALLLRRDGRGSGGCPKMGWGWRKWPGSRCVS,0.0837259368838635
MNNNIYYQSSNLVCLELEYSCLRHILEELEKSK,0.2804184030666332
MNPRFPLLRWGFREGTTSALDIPGDARTRWAVRAGALERWPWRRRPLVTDAGTRCGPVRPRARP,0.4775521921081694
MNPSMLIELDHPVEGRIIVDVGSSGS,0.5970501453651484
MNPVPQMEMQKSPVFCVAHAGSCRPELFLFGHLGSSECDFEERRKDVKSDWSATFMVLRKEFAFLEHSL,0.2532135443553407
MNRGHPGPDGPRVRRYGLTCASFLPSHPSIKCLL,0.4453274812953485
MNRKFPRRRRLRYAEQEPGERAESGLGSTEGTRAEVSLAAGGAAAGRAPGSPSGAAPREEPRKYG,0.3090648898616074
MNRTEANIKASQPKVLWCRQDSKRTDYLVEPSIVLLLQH,0.1782725937848764
MNSPRPEPLAEWTPSRPQVARSGLSGSRKLQ,0.8378480082472586
MNTPHPGPGPQLLLPLRALRALGKTPGAPGASGRGAARAP,0.3669124454395746
MNVTTLVTSYNLPGKGDMNVCNDTS,0.7601263549914841
MAKAFRRRCFKMGSLDPVLKLSCSKAALCAIRINEGEGFCVEKRLGV,0.0840527566479774
MAAALRRPVSSSPPSSAPPLAASSSRVSSSSFAASSSSCSSTSDRRSAGSLTRSSGGG,0.2758647324378421
MPAAGPSAALPQELEEATPLPAAGPRLRG,0.2232592803722565
MPAAVMSPRRRWLFGGSEERLLLLLLLLVAPLQKSSKNSAVGSVR,0.3673643844247102
MPAPPPPGMRKPTGKRGGEAACAAPPDLAAAG,0.2153328608164346
MPARPPACRVRPFPPGLPGQRIRLCRYRFLTLRTR,0.1385660167242955
MPARTAGPGASYAAAASRAAGARRFPAGGRGGAPQEAGTPGGGAPRRPA,0.9030607215528657
MPDASGVTLSTRSMRHCVPASLSFWQRL,0.4628177687868576
MPDPFFKKECITQQVASGVILCGFSRISDKIVQSPSLLSFPCPDF,0.4015991820174303
MPDVIVCSRFGWQPGGWEMRRPPAAKNRREG,0.0804930920350298
MPEAGILPERPTEAGSGSSGWGCCFDGSCAFPLPLITCCHLLT,0.3535962766341999
MPEAMVDTKGGFPTIRMHLLCFEIATMDSYG,0.2180726876213062
MALAAALRCLEWVPASGEVPSNRRSHH,0.4243731246113683
MPEGAVSGVALARRGWSVRGHTGKPSGVGRQCRC,0.6125177669162178
MPEGGCAPILLAPREAPVFRAVAPASADTAASS,0.5470788226966343
MPESQPSTVTPRHLGRPGQTESREAPALPLPHCPEPKWGSERP,0.916211435685534
MPFEQCHLSWKNVRRLYKPCLRSWLESFCNLFNLIKRPLILSA,0.1777993599626495
MPFLALQPHKESGGMIRSRRPQVPARPAPARQRGWELRTAMCAAERPGGHRTFPPVLRWVGVWKLMFLC,0.2330872020087488
MPFLCPSSPGTDISSAGCCSWCPSSKPLLGISARFTLGCFLRRESAPLLHDGIFLPCRNGLSLISTYFHV,0.0591176334468953
MPFLHLHNMSVTWLARPGAQPHVESSPLL,0.4766159109541939
MPFPLLVSGGDGGRRGASWGNHSNSVELVVLPGGALSLPGTWNNFQLEDERE,0.6820987095253386
MPGAGPEPPRVSRVVAAAGSCALRTEVASLGRTAVSRRGGKPALERERTGRGTGRRRDRTAPESPT,0.859767479691717
MPGAGRTTSLRTGCGGCCARKPTCWPGSVRRPTWWLSLDV,0.2761665803705431
MALAAAPPSFGLPRVFLTINQQMYRSALKMSSVSSERLLRQLH,0.3019572758958771
MPGHVIHLTACEVLRMGQDVTWNQH,0.516802102532674
MPGIKMAAWDRSQPLRPLPEEPRPVCYTQLIGSSITERKGNMRMTSVTNMAFWTGSIVCLASTQGMLMV,0.1921027164935062
MPGLQALLVVALHSHPAEEDLLDWIFSGFLSDIVLYLPMKTLFFGLCK,0.0750769640341317
MPGQAPGRAAAAAAPRRSPGRPRRGSGGPPRRRGAREPGTISHIRLRGSRILPR,0.751761666859586
MPGSAGARSQEEEIVETNNMRSYRIPLLVISSQESKSKPLLSFTLNILCFIAQNIQFF,0.2377936824022122
MPGSEEGAGPRTRGSGPGQEPPPLRACFSLPLQNNGPGPFPLPPGA,0.2516456768601398
MPGTAAAVAAAAAAATATAATAAGPGPGWGLESLQWG,0.8094167716280273
MPHAGRRPSLINDWGWASAWRAFVLSVPSARKGGNRGVGLGENPGVLLHPRRRVSRVQRWLERLSPGAV,0.2908194677518401
MPHPYSRNENNGGRGAEDSSMQLTTRRFVRLQYDRECK,0.865527511864385
MPIKGAHGSGGAAQVFALVTLPSARGEGRHKAP,0.6625461151034641
MALALARRRWAFLTASPSSVAERADFREGTDQRLSGGRRA,0.1809785631030281
MPILLIYFQTQRKVHGQFVGHLIQGPQFVRGEVGMQKYFDL,0.1512368164601558
MPKSRKLQRVSSRVGTIFRFHLPKLEMSMRGN,0.3067006498868932
MPLAQGCEEGGEVAARAARAAAAAAAACVL,0.8398522060752903
MPLELIKEVNGVPEVQPLSKLHKVDFGSLQPGYNYSKKYIQGKLSLISSLTYRGNKTAVLQIGLQGHHCSG,0.3100123753454233
MPLFNTCHFQMRDVRATAVSVLFWIRLWSGRP,0.2234763564965863
MPLGVSHDCRPMCVRGVLWESMDPEVPGKWGPAQSSRAQVLCRL,0.4474076444188815
MPLGVSHDCRPMCVRGVLWESMDPEVPGLSADLCPVCPVAPGDVSSRRG,0.1272008136661481
MPLGVSHDCRPMCVRGVLWESMDPEVPGTSREPSSQMPAKGHLTCFESQFPDTENKGLSADLCPVCPVAPGDVSSRRG,0.2580419115309452
MPLTPTVQGFQWILRGPDVETSPLGAPRAASHGVG,0.5674266463658527
MPLVCPLRCPLPSLAAARAGRGGTAEPTPSNSP,0.8961579775506778
MALAVAAAAEAQAAAAAVEARAGAAAAAAPRGV,0.8152860759870137
MPNCILGALGLNLELSCQATSHDFTAEPVHVCVRGEIQASRCRLVPSYLGSRALSWDLGSCA,0.1096864370226003
MPNHSSHDCPKYDNHMRVLVATDVI,0.5921877411599523
MPNICVLLADSAQDPSNSISQVLNKKMKT,0.6762887312160691
MPPAARWPGPQCPKRALMVPSDRLALL,0.5536042228781465
MPPCPARTTPPRAVQPPPRHPSRPSSVPQSHIATEAPTGSCPRS,0.9233534133304434
MPPGTRACRVPRPGRRAPRPRRDGEPGGHGVAPASAEEVGARPGLRAVARLLPQQHLQAGGEGSER,0.8637363359762773
MPPLLPSPPPGSSATGCTAVADSWT,0.8249492153859654
MPPNRVMSLETLSIVGPWQELPKYVLDGWKKGWIVQSTSALIPPQQTPET,0.4515968829947848
MPPRPHRPRRGSRSAARERATAGPGCS,0.9076573092505116
MPPRRVCWADDAGHDGGARPLQAAAAAAQQPAHQGLLVRRDHRGAERPLPRAQERAGGQQRLPQVPGGA,0.6850043758879796
MALQGCGLRPHRESTARGSPKSEVLGER,0.921225764690089
MPPTGTRPVPRACLPARPLGAILGQEWGPGPRP,0.8291598953143795
MPPTQLSHCKKTFTVQTTKLAVEETVVRFPCKFTYENGL,0.6223113106337244
MPPVVLSSDCRQMESCAEPESSKKQPTICDHHKMCPDGS,0.9194864304296352
MPRAAAPSVAAAAAGAQGAAAAVRWGRQREAAGRAAGAGAGGAARPA,0.4794857222402771
MPRFFFRCGLVWAQGPSSQLKLTLL,0.1517760713537621
MPRGLCDDFGSWVSLGSPWARPSSRLQPTSSEQLC,0.6042519688032972
MPRLRFCCLPGGLRWPQQSGAPRPCAKHS,0.3810696796656175
MPRLVGAQNPHRKVPRAARGGTHGVRVSQAPSIPPGPGPLQLIARGFSASALVGRSCSYPLPSCVPAGREGKEGLIF,0.2691829033117548
MPRPHGSHGGSRRSRRPTRAADTKGC,0.8700935188968415
MPRPRACASWPLLAAVSGLRGLEWPPSWRRWWQQ,0.2858097106708581
MALRSIKSIAGSCLCSRQRRCGSSAAIFPEGIFRCLSPKFGQEFPE,0.336475129323236
MPRSTGLSEFRPGSASGLSPGERSACRSGLGETRQWPGPQVRAE,0.4591144743931102
MPSCAARDPSPTSPSSCCARARRRP,0.5875408699342681
MPSFSKDLLTVPKLGTGHNEGPGSTITRFCSS,0.628117544064274
MPSGARARLPAPLAPSRGVRLLGLRKTS,0.8001267028404642
MPSGCYVPRSEPRLLPAPPPAGARVGARGPGAWPSGVRRATAPPPATGTAARRRQTLTPKGKRKWQRYTRL,0.7775824142576406
MPSGTWMRPSQSGTQLCHPPSLPLRPPCPRMSGCQGRL,0.647973099949509
MPSPQLASVFRWNIRCTFMAILSVRADFCQAQHSIFADK,0.3326361267131085
MPSRRRGGSSLIPDVGYLSEVDCPWPEHFPKIILSKISV,0.452810335902335
MPSSSRCGDTTTEESLLQGLGTLLDPFLGFRGCGDQEKVRIPKSLPCLDG,0.4850675395825103
MPTCPEIFRTWCISDEGFSRSFPVEEDQASNWLRDARRAVGEEISPFGLPLCGSAGGQDRGQQ,0.7410043598224273
MALSDVTEVTERKSARSGSVPTTERRE,0.7296598811445625
MPTTCNGLPGKMSLWKRLPGPANSGSRKSFDALLTVKLLDQ,0.4772506979725478
MPVCCMQAFWLPTLQQNNCTNSLVPIPPTESPGATVFFALHCRRGTKC,0.2294022247738059
MPVDDEASEDDTDSFFSNSPRTFIFQ,0.7522479387741356
MPVRPRRPAPWPPGVWPSACSRRPPAPCACSTSQSP,0.549230093335172
MPVSPGHLLMSCEVTVFPNLRVALPHSRGSQAPPRSPLCGAASSWPVPQ,0.4770516083404825
MPVVLRVPKFRGPLIPLSPLQERKG,0.2114483579543217
MPVWKNFDVPVSSFYRVFHSSAISEKWD,0.5073617765202282
MPVWWRRRRLRARSWALRGARKPLR,0.5485319431351575
MPWRELGTAEARLADLSVLPGQRRAGPTQGAADRRRKVLDRKGEF,0.8866212326834345
MQACQGPQTQKMLPGSPMYSRHTAGHLSQQVASHGPHHHDFCPRCARKSLP,0.7028329766737771
MALSPVVPVQEQNFPTVKNRASLDK,0.8108108485389534
MQACQGPQTQKMLPGSPMYSRHTAGHLSQQVASHGPHHHDFCPRYCVQKCD,0.6258771202486418
MQAFSYMTFFEARFSKDILKVAFLISCLTGWRSSS,0.1641991960224316
MQAGWSGRHCRERASRRCSPSDCGLHPGKTMNYGIS,0.3683042762541693
MQAPDSVRSVKVEREAKTWIEKPRGAGLRVAQKTPVHATTSLTLGTVVHLAFIILP,0.2902727260565335
MQAPRAAPAAPLSYDRRLRGSSAGPSSLGSHSRCSRGSLRCCRLL,0.7695962748437339
MQCLLISKHTRMCARSCSAPSAQVSSCVPSI,0.2455829115346195
MQCPPQGGQESLRSGGAARERNVISAVTTGAVVPVRSISVTKLM,0.80333019305409
MQDGRTARPHAPWREFQQPLPHPGACASS,0.5970244536990624
MQDLTNTQGWSPRGSVLFLHSEHQDALK,0.8255694240087502
MQEDRKRCEYEWVSTTRMAKVKKTAPCGGEKVERLDLSCISGGV,0.7031251382642605
MALTATLRMQREAAVLPSLKMAAPIKMTGVCRGERGSMMV,0.4792260572057977
MQEETFRRKTGREKLRLTLNLPNRASLR,0.5689587181213072
MQENYSPLLARPGCEIFSPALSRALCNPKMKDRRGES,0.7928745915465225
MQEPSAVVGEVSAGAALPPGPGADPSDFPSVPSPLEPQPCLGTR,0.9558000707401342
MQGSPPALRSEAGDSVPLRPSGPGASEPGPGRGTVMLGPDGRARIPASR,0.9440551805479844
MQIPGYCQIRIEHTTKKFSFCVLPSHSPH,0.3690494687950812
MQIQGFRFCLGFPFLSFLFFFFLQGVRRELGVSTSLPFGSCGKSPCS,0.1499591398549503
MQISTQKTEKEPVVMEWAGVKDWVPGS,0.8996405887789752
MQKRPRASKLPEPAAHHHDPVGGRTGRPVRKPDRLLLLGPGTKGARRGQPGTRPPPRAPSPVS,0.5711172184790603
MQLAPCRMGHGILNMRQIADQLPWVLLMTQESFA,0.1947435686661894
MQLAPEPGPARHQGYSRLLGLPGLPALQLPSAPGFWLLMLQTIKYWSIELKNRLKPGFYLIS,0.1800456313196315
MAMRWARACRVGLLGGSGARPGGYPPLPA,0.1951083129177536
MAAALVVAVDGAAGPGTVGAAASRRMTQDGKRAAEPRRFPCL,0.792035676695545
MQLPGEREPVSYVRAAAAAEPPPGRSSRCRPGLGP,0.1247553445201203
MQLPGLGLGIEREEEEERRRLGGMRWGTAAGRSASDCFARKRGGCSE,0.9409815206363364
MQLRGGRQWEPAFSPARANSGSSLPRSSRRPRAAPLARSWMNPLATEMGKAAPPTLGTGPKSTVVTAARP,0.645650542449543
MQMRLLLEWRVYLRLTCATKDGMARECPTTWLSPPAKPDFAQRHSVKPTALQGGRWSRLGASP,0.0611176098688912
MQNPKAAQKTATDFAMSLSCEIIRQLNGV,0.4510808384625425
MQPRPRGRPPRTRGDEAPQWHLPDAAALLPVRLPLAVLVRGTQRPERRRCGRLPAGVPGAARSVARS,0.5336821499921935
MQPTSTGKQKTVRTDPESCAYQGKFRRDMNLSKMRLKLLNAALSLFTATSSGVTNTHTVHQQYFYTGYVC,0.0838571907287935
MQQMQPDVHRRRGNVSSRLHRLASRL,0.5064305913287328
MQQRRLLPRSPRGPGIRRTGWHCLKRRLLGDCAARIGGSPNILRSEDPAQVRCHRTCS,0.3006465997595553
MQQRRLLPRSPRGPGIRRTGWHCLKRRLLGDCAARWIHCPRRFNQL,0.3626458011377935
MAMVMAAVTRTTPVKLRSGRSSSVVCSPVTSVCGA,0.1222846036211299
MQRCVFKGHARRFSVRDKMSARRLEGDLPSRTPDPPPAPAAFPG,0.2385341280294611
MQRGWVPRRPDRGSESASEEEGRSGSAAASQVGGRARRAAS,0.7161086164660969
MQRNSTGRGRGQGAGVFMADNPRLSAWPEFL,0.905291884907652
MQRQRRQPSLRGLKSRRKPRCFPQPWTILQDSFFTLSTCLVRLHRTVVYCPPLLTSSFSLALSVFLFSPSSLPLAITSGK,0.0970805482658807
MQRTWFLFQCSSGSREATEGVQLSITKKKSIRLSLRHSLR,0.3748787960926111
MQSAQRSGERGTPRTGPGSSSFAAAATTAATAARGGSSRA,0.3708117240608559
MQSGPPPGLGRGRTPGPRAPGAGGLPASRVSVVAEPKPRSPWGRWRSRPWPT,0.703679084521271
MQSPQQQSPDGGQNLPPLPPPRPRPPRARGRAPRSRPRPPATRTSAHSVRTPITGASRAPARSWTPADSTGGP,0.9655200718368344
MQSRTPLPQRPTLLQGCSPATPRPCCRVLRILIVSRGVHSPPLASAQGATAAIATSSLSQGPV,0.3536038943086655
MQVLQGRIIAENLQRTLSADVLNTSENRD,0.774675688116112
MAMVMAAVTRTTPVKLRSGRYIQKVPRRNFLLEKMKKQYL,0.3379964632004297
MQVPAARDRSQTGVFRISHQGCTSGGVLGLDLVISRRDFRWILKLNTLGMVFQ,0.0942183668423039
MRAAAGTRRARLGRRRLLRLRRGGRSGCRAVLEFPA,0.6064416297061684
MRAAPLGKISRCPSRALSSVIGSGSLCQAAGRIKETTRRRSALSRLAPCGLLFPSLRPGETELIIVTGL,0.1269544552628499
MRADQPATPGLPLSPHLDAGAVAAPQPRSLAAATRPQASGAGGGPRSPWG,0.2241013028471773
MRANVAVEARAPKPAVIHVSRPLRAPSAAVAGGGARSGLWRLRSRRRHPLS,0.6565994514588525
MRARNHSLCRSFAASWTQVILLPQPPE,0.3952231775464599
MRASWLLPGLREIKLWAQVMKPTSPGDTVSELQGEISRPAKLSSR,0.3240690630353302
MRASWLLPGLREIKLWAQVMKPTSPGDTVSELQGTLQGLLEKKG,0.3015004894733532
MRAWRCLRYGLYLREMLEVEMKTLALNSSWRTTSFQS,0.1587220038508044
MRCGAARCPPAPSRQPRRPRGPGQGRGRRPEPR,0.8380407192327792
MANATRRESELYLQSCLRLSKNRTK,0.6820987095253386
MRCLKTALTILPNKSLLMRPHRMNEPRQDSVLPCRNSDC,0.5219163811425058
MRCRLSVPPLCKLNLMTCSFLKTAVEEVLGVFIEPNGYHRTRRWL,0.1063385833102599
MRDGGGRGPEPLSAPVSSRGGSALGEPAGLRRRQRRRFSPPLRLF,0.3846922410781865
MRDRHYFPALHEGLVRGTTWAAPAETAGTSRDAAGLKHARERKTNIKMKCLIQGHTMSGMDLQISLLVRRGLVTQWLRM,0.1862169058532198
MRDVARSHPTHGLIFMGLWDQKNRNSNNKSPAAV,0.4857671310124133
MREEDFRNPTEKWSDPQGGSDLPQYRQGLSFLVRLLS,0.1852985501135107
MREKNPGAAERGRGRNRRTFQVAPSVPAPPGRPLTLVESR,0.5802110692325387
MREMWSASSFSRLPREALETLPGPSRWARASEQPRSPTTEPSCRAPPPACTRRGPPFLL,0.703829835358859
MRETGPALSSQSSSSSSSGRGRVFRRFLSAARTRWQRPRRGAEPGLGGAAC,0.6816909039930537
MRFGGGGRHRDLPPSPLLPPPQPRAPRADTATASAGEESPPGLTAAAQHVQVRYSTVWGTT,0.6976329818294887
MAPGGPSMPWVRSACPVCAMSVPGPFLPWAGPQEEPVGVERGLR,0.5101341270870878
MRFRTRDQSVWIAIGGGELRVDNLSVLQIPCKGS,0.233220534460051
MRGANRAPPPPPRPGLGPGPGPGGSRACERWGRRPCRRTPGRRPLRSDDGI,0.4590720887067022
MRGAPEEERASDRPAPPLFWGRPPL,0.9243268863578012
MRGARGLGRAQLLRAPDEATGMDLRRQPAPGRRARGLGGRAAAAPGRAL,0.7273290767292311
MRGGEERMLPALLANSTLRGYICRSSSSRRHSAGPGGGSSCS,0.6958491563100423
MRGGRRSAARGAFVPPRRWRWRAAALQ,0.5193439707455159
MRGGTQPLPLGDAVGFLAQGIQAAR,0.7211689629979758
MRGLSAAAVRAICWSSRTAKRSRHTTVCAGSQRCLSL,0.3218254382334892
MRGPFVSGRGSDPREAEPSHPAACPKPGAGRGHFSRKLRRSRHSVPQRCGKPASPSPRRRFLTLRSVGASEGRSCARRTG,0.0941052046656628
MRGPGPTPSPTPSPSPSRSPSETPSPSPSATPGAARLPRRRRRARGAL,0.2468893052556118
MAPMDIVSIVGAEKLEAMTMSTILSKKKQCLRNI,0.3271667963478696
MRGQCLFPGSQGLRNSGRSTHPSVEAVTRATLFASGSRRVIPELAIRTEFQARAQRPSSPALCMDQTSKYGFHSSQGR,0.7123738953961026
MRGRAPLRPAPGAPQPPARSRKLQQLVTKSLPGRLLPGPRYPGVGRSGWG,0.465797398828556
MRGRDRGETMGMWAREPRSGLAAPPSPAE,0.9142109590913022
MRGRRGRAAPPVLPPLPPQGRAGRVQPGGGLGSPPGRRVLAAPGRAGGRREPPSPPRAPPARLLPRRRCPHMG,0.5413932313124727
MRGSENCGEGRLERRFLRNSEIPTTSSLRGI,0.2881935499542483
MRGSENCGEGRLERRFLSRNSEIPTTSSLRGI,0.2908703717355538
MRGVAVLTAGVSHCWPVKVREAESLEWLERGHQAGGPCCWGCWWP,0.265513568256718
MRHPPLLWGRRGAAPRRGPGLGAGARIGTTM,0.3673643844247102
MRIERDWPRSLQPDAGGTWGNVEKPRSGT,0.8896789125890365
MRIIQAPLQTTELEGPESYQKHLQFSYEKLKPRSDLCSQGHTAS,0.5632489862402349
MAPTEGLEAVYAAVLAVAPDTSVRFWS,0.5414399938950332
MRIKGGIYEEMRVNKSSLTSPSLFFIRETILNLHALPAVIDLQLQREGAEWDQV,0.2541781695303244
MRIRVDIQASYGAVSLSFQSRKRIL,0.2549621205379211
MRIRVTLTPRFPPLDWFYCGSGLISMSCCGAFTAFGL,0.1287812486348235
MRIWRGLPSQKLDDEVLVVILERHPIGFFKRSPRALVLRAGSWSE,0.188769264130625
MRIYSKGCGQMNECTFFSGQKDVRIHELE,0.5374524537578766
MRKEQTPRAEAREEHWVWWGQGCLLCQVEIGASLVPASARRVEYSRTERTTGK,0.2764016838566593
MRKLRLGEVTKLVQNHTTCKGHSQDSEPGCKN,0.7759397565902985
MRKLRPRGARIQQRSSRIGNQTQLCLTPEPVPLTTG,0.5473005848468513
MRKRSNSLQVVQPGPPRGVQPARGGPPGGGRGARLGGAP,0.9211926530767632
MRKTNIKMKCLIQGHTMSGMDLQISLLTCIILWIPE,0.1244975110178125
MAQAGCGAGAGGGARCMAVCRRSRPRGLSDL,0.7430066231465371
MRLELHILCPPPTAPALPCHASGSAHLPSRMNNLISCEMRK,0.3105677657055795
MRLEPRSLEEPRAFLLWDNHTSNSLK,0.774170426269064
MRLGGGRVGPSTKTCPQGPPPPPLLLPPA,0.4885004440598831
MRLGTGVEVRGRCICRGVYLLGVQRHQRLGPHSSRLHFSTSFEERAS,0.0881405722708026
MRLHLPRPKRVMAAGYLGGASCWTMPHCQETGAGRFSDKISLS,0.4453388442553173
MRLPAPSLLPLQHRDQVGEPAEPVQAQWLLKPACPAESPWHGAYT,0.6970540792971132
MRLPPALGLEIGKLRPREAKRLCLSKTTRPPARKISVFLLWCPPVSYLTLPSRR,0.1460679991426157
MRLPPALPSGYTDSTALEGLVYYLNQKLLFSSPASALLFFARPCVFCFKASKMGPQFENYPTFPTYSPLPIIPFQLHGRF,0.0627443283632436
MRLRDRTRFCLGILKIKSFEKSNSWSWKLSPY,0.3094427448099052
MRLTPAGRRDEEGRTAEGPGVSAIKSFEVTVA,0.6645207424759304
MAQEYKKAWDYGNHRISVVQVPFSFF,0.4763829679418843
MRLVSPGFWWVLPLRLGEALPGRRRQQPPGAMKTLRLREVK,0.3654760057409832
MRLWASERLWVAVAPGPGSGERRSPQ,0.3749277276029107
MRMLNTIQSSKLRFLDLGKRFGRNPSIIGMGQEGTQSKCIWDSQ,0.4051579162121381
MRNHLLLLFKYRGLVRKGKKSKRRKWLNS,0.3717762406592312
MRNIPRRLAENMQQPLFSSCPSLMRAFEVTSAGHPGQFLEDLCV,0.3542292212327141
MRNKAVGQARAPPAQLAGWAAPFPKLLDGRPQVFPEMPQPVAGCTATGPREKLGGPGRPRGRVAASVQRL,0.7341597147199572
MRNLEKDCQFQINIFRENWKRRSLLQLYLRTF,0.186277166781467
MRNLNILSLDGDLLRMQRVIHPSHVVKSGI,0.4791157002635185
MRNQPPEVTPDLGRADRGWEEFWVQSPPTCALISCSGVSQWPCYKDTQATL,0.5058302025588601
MRPAAVAPASAGAAAAEAAAEAAATAAPPPADLD,0.9438094210186156
MAQGLASLWQQHGTARSTSCSAPKLMVRPF,0.5151003337755411
MRPAPSMPCSRTPAPRPAVLVITTQSFFRHPRGSLGVGPCRAAPPLLTLSSQSYRHRWCRTA,0.1297453953092349
MRPGNAFRLRSSLGAQSGSVARTPLRGSCSPSSPSHRRAAWYCVLGPPRSAMALGTLDFGPDLSFLSLTFRIGKKKKPE,0.2313928252775829
MRPISKLPGPQLPSLPGRRPRRSRYPRPRGSPGSACGESANADPVPAGPRAV,0.3550282309997495
MRPPCARSPEGQGHPQARPLAPPAGPEVRDAGAAAERAPGRRLPPGSAAGSQA,0.9619365253705195
MRPPGPEICVIVGKRRKTNKGTVNGVTWLEYGSNYKACSALARRCSLALSPRLECNGTILAHCNLCLPGSSDSSASAS,0.2800703530985458
MRPPGVLPHHEPPPLLQLEEFFPVSVLPWGERD,0.7307647197805047
MRPPPFRPPRTRAIPRSLPRAGRAGWAPSGPRCCRLRCRCCCC,0.4475649823376801
MRPQSPTAWARPRPEPQPRPRRRPRGTL,0.2448013031777002
MRPSSRAPVLLLLLLLRLLLRPERLSSRQAAALLSRAQTGPSQRDLSDS,0.2277509776015517
MRPVRAVPRAWGRSDCFGDAERTFARAPVDVRSAGLRGTEQHETPSSPPGFHTGRREDS,0.8992073632633204
MAQLLGSSDPPASASGVAAGTAGTCHHAWLKHKVFS,0.6199863280849545
MAAAMLGPGAVCAQRAAARPGRLARRRR,0.8175378214123004
MRQGRFPIRAPTCPQSLERDSNPASMSRSLQPPSS,0.8742127816163796
MRQRAARTRTAAAAAGAASWARGARCLRAGARALGNCRPRRLRRRWFRTHTPR,0.5947728833293482
MRQSDAHPGAQHRSNCRRHCLRLCAARGCVPEQEARFLGLELPFLASGKSPRTESKGQILSVSAV,0.4084433093716575
MRQSLRATPGSGQAAAEAAAREGRRRRRRRRWRRRRPAPGAEP,0.8789899443900577
MRQSLRELWQHQVTVPEVNRREKSLLSAVRPVSCRREYSQRSLWPSRTTLPPMRPSSVF,0.0810573575576782
MRQTCAARDVARARTREPMGTLEGFETRH,0.787293963655818
MRRAARVRHRYPGTINFQVDTMSGVNYSCSPSFPSILWVQ,0.1735159930399598
MRRAPASPPPARAAAPAFPAVVPHSVPAPRGRRLLPLGAVAACAVSAAQPLSPSLRQPRRTAHQEARARMGSLC,0.6476556748816776
MRRASSRPRAFAENEPRRSLAAAARAASMAARPAPRGG,0.0928812543641303
MRRGGALHPPRPRATLPLARRPPSSQARGRCSTLILVTLRTRDLKRY,0.2938762642553603
MAQPLPRMPKEPGQRKVAVPGPAYH,0.8659033296939341
MRRGPRGGDPRPRAPGAPRGGVRGPGTPRPPCAEARPETAGGPRRSRRPR,0.4562028788082256
MRRGWVPEGCMMEFEHYFKRFCILD,0.3427277763969303
MRRHSRRYLKTGKNAATNRRRKRQKCVFHLEHPEGAQPYQHLDFDPVTLILDLWPPELLENKFALF,0.207310154168095
MRRLQRPFWAGPAALGWRVGLFDPFQVRQRGVTRGKRSRSVRMGRPNTVPGSLREAAGRLELGSRVSR,0.4883061333654085
MRRMETLARQCLWAASFAGPPPKPRTS,0.3578735788564341
MRRPDFRGRVTWPGPHSWCMPSSRADEAPEAWLSGGFLPEDTHATSWTARL,0.494003365719451
MRRRAGVRGRVALPAARPLPLQLLAGLVVPCQWGPRSSRPGRRW,0.2798161526380581
MRRRKKRHPQRQRRRRRQQQQEQRRRGLQPGRTRGAERGTAAAATAAGMSQLII,0.761557019924344
MRRRMSLRASVKSLSEKAGLRCSSVATLIMR,0.3007129371868518
MAQSAPPKSRSWFGPSPDCESEAHGPCRPGLGGSQA,0.8163709240301973
MRRRPCRPRGSWRSSGAPTAACAGRVGPSPRRLSCSSCTSFPGAGWTWPRKA,0.3437800245134251
MRRRRSAVGSVSARGCGGAGGSSLSGFSLGGGGGGSVDASSAS,0.7428395562037364
MRRRSCRCVCFNLSLVPYCGSCCGFDHVVTLGRSPACIGLLTARKPHFYLPDFYFGKFRFKRICRTLYR,0.2602598306108108
MRRTSRDGKPRREGPSLVTWRAGAAADPL,0.9428119719728428
MRRYCYTKQCLVKTTRKRGKDRKKKLKYYRKP,0.4302845590596978
MRSCCGPRVTVKDPAAALGPPRPLRLRGAAGARRA,0.136795748083572
MRSDAARPGRPPRAPRCRRSPRVIPLRVTSKQKL,0.6503291821897632
MRSGLFTGCPGLRARRRPSSVADGRI,0.4719013101734236
MRSLPNEMMGRGARSCPTTCFPGPDSTRAFWAPTRDPQ,0.8532945629564492
MRSPAPLAPWWYNAKVWEGRDKPELQPAGHLRLHFRKRRGVYGKGRELELGPPRCELSSAARFCGVTALLPRPTCL,0.2523122840277682
MAQVDSGLELSWGSLFAAAAAAATAVLGARSPGKKPSHV,0.4853436615586337
MRSREAGPKLRRIQEPANGSPALRCGDNGEALGMVGCRYVIPEEQESNRIRRLLIQGTLF,0.2878470260421298
MRSREAGPKLRRIQEPANGSPGAVSETGGYREERLSDAEIMGKLLAWLAVGM,0.1293631862694704
MRSREAGPKLRRIQEPANGSPGAVSETGGYREERVWKRDKTRCLRCVEDRVGPKIYDLLRCVSCSCALSCSSPMRR,0.4777915058029723
MRSVTAGSPAGAGRRQAQGARLSGSPD,0.9210809546296078
MRTARESRALSPVLLPRAAVALRPLE,0.5658067571014826
MRTASAEGTGLFMTTCGEITWIPGLAKSPGIGRTPMRWATAWPSECIYSIRTGSLSLHIGLWD,0.093292726767305
MRTDGPWIGGRSGGPGARPLVLSIQQE,0.7516241269535322
MRTGLQPSQAPWLLSWMLSVLRFTMRIVFPALAPDPYYSVN,0.2477357076993961
MRTKKRERRKEKPQTSFENQLVVRARSACHRLGDSGILKTL,0.6904749873350186
MRTKKRRCRTPRPWTCSRRVWLWWCRTRCSAICRSRLLWKKSTPK,0.4796675772331372
MARASLRPKFPHLCSMHRCGAASRAGREERPHPHGDCISQSAPRAAERRDSMP,0.5578170655611305
MRTLPLRPGQLGISRSLWGGGHSDV,0.720743606617094
MRTMGRPLGQPTCDNGGLRLPCGEHK,0.8237323064568005
MRTPGGGEPQREELGAEAQAMLSPGCS,0.6326676540490566
MRTPNQWFVHSSCKSNALKERSKLW,0.5538874702511257
MRTSRISFVGKESLFKDVHWPSREELLLQLKIGLELTGDLALDGRKRCSCRFGSSHTGGRGKLAVCSS,0.076031720122669
MRVASTMRRAVTLWPDADGLSVAPGGPGGPSVGELKVRPGQ,0.5641504121599403
MRVEAAAGAMGRGGRVCFFPVTAAAAWGARRPGAAEGAPPEFRLRKRRLPRKSTRAGSRTPLGSGC,0.6736324189329721
MRVVMARLLSEGEQGIPTACAAFAQQPAGGHVAAWLG,0.4436786392613763
MRWASETRQGNGVPDSGHVHMGEEAVENTATIFFCSPPNSSCPSLPLNSRLPTQATIKFSLRSSELPEEKNQWMIK,0.6429714856454221
MSAAIPPPQASAKPFLGPWRQPCVLTARRGGAANLVCILHDGGD,0.3331712346969525
MARCAAQGGWHKRRRRGRRKKLATLKGPFPSP,0.6577858453242287
MSADRGAVPVTVASHPGLWRAGLAAPPRLAPFMATGGGGWRSWARRRPL,0.5142676677598731
MSAESCSSVPYHGHSHFWCRHGTEQSVTGQSSR,0.7353045741875053
MSAFKEGLHRRFPQQSREGYSPRGVEVPEPAASPTLGGAPCPAALAKGWLRVRRE,0.5717576861827982
MSAFLGGEPDRLTNKQPQLCSGEGFASRFARQQQHGRVG,0.5798238041435357
MSAIWLQVCFSPRHSDGEGSRHLLASG,0.1921493151977756
MSAPAAGRRGESLIVTRSPELRQFLHVSRGRRS,0.4717227174304518
MSAPAAGRRGQLGISRSLWGGGHSDV,0.8922241376546036
MSAPAQSKELETYQAGGLCCASLAHIFPKHSQEPGNRLRERNERMEELQDQALLSVCSTDVTTAHAWLTMDI,0.7329397040817094
MSAPAQSKELETYQAGGLCCASLAHIFPKHSQEPGNSVPLWPSLEHHICTLQSVDQLRDGYLRASELSLPPSIIS,0.4550813696585748
MSAPGKARPPAAIRLRSPLGPRRAPARPGSGAAR,0.6934044951000665
MARGHRGQPGVRLPFAARALQWSLGPPASVSA,0.1362240075482866
MSAQSQALTRSTQPREGGRPLPAEP,0.9901936182236664
MSASQASAAAAAAGPCARQGGLGFGLPPVPWKRARDQRGSSSRGGGSSASLSSPSA,0.5229373617888953
MSASQSTKLSLLGWIMQGKLPFFTNFL,0.1788942094220266
MSASWLGPVAGQTNPLLLARGGSRADPRERGSEGQETALLGVRGVGK,0.8196705620079842
MSATPATPRGKKSLPGVDSMTFPSCAPRCLDRV,0.4254444038266193
MSCILICLTVHVFHLQPFACVQPTVCLQFLNCTSCVS,0.2730446109936551
MSDRPEPACAVGRPRTRSWWVRGPLGGGPGAPLLPWDPLSRSWSFPRI,0.3162588141376028
MSDTLMSHGLQKDIPCRRTWLPSDVGKMDSDLQGRSGNQSKPVR,0.7234856298069361
MSEEPGKSRWKNLKTAGALLLPQERHRRPPPHAPSAPPGAP,0.8332588176650912
MSEMQRDHRAPACMELPSSLSFPRCQLGQGRWSNFAVERLHVLPNESPACLSR,0.2492482550358183
MARGRGAGSVARVPDAGGPARLSRIVPGRAHRP,0.8282089942844391
MSESFFLGLFGHSWPVATERTFFPARVSPPAGDSGLLSRDAGTPVAYF,0.4859790805722719
MSFCFIFQVSLSPSGAFFGGASEGGQSLRI,0.1013569139096645
MSFHRNVGEVRPEHKSKGWEKVCNTQFI,0.7080426848360712
MSFLHPKLAGASATPRFICDLQAAVSAPESLDGAAGSFCEKREMWKAPSRRERASGYLNLNGDCRLPDFPLGLGAL,0.4819802555532135
MSFQRNVRSLGADCQGKGWKEVFLAQPV,0.5061708381287469
MSGAGMSGCFGWRGSHFQSFFSLVIPALP,0.1769166413690517
MSGGTKESVETLQGLGDRSLKRKKAKQINKTHPP,0.8363666488993485
MSGILKGKFEEVNGSSPCSSVQESDDEVFSCDSTESVDSVNRSVLMILPEKMRKYQQTENMFSEA,0.6919781471133912
MSGKFREGLHGAMLPGLFRGRPRAALRLRQKDSCGRWNSLSIFQNVFPSPSMGPDTAVLC,0.0739070613873278
MSGKKKRSHRNVSFWTAGKSLCPNGSIFKVGF,0.4960137029379735
MARRFLSRRSSQGYGPRRSGLHQPKGHDRSG,0.080606002154563
MSGPCIWIYLPVQMDRRAPVPAKGLYLGG,0.1715760330363827
MSGRGVSRQHGGLPDQRRHRLRARGWAHRAAALRQRRRPHLQRLPDSPRIHRLHS,0.6659689514255172
MSGSYWSCQAHTAAQEELLFELSVNVGKRNARAAG,0.0988787732856809
MSGVFAALTSAPRVRDGTHQPPSRRRR,0.5729853018992714
MSHHLEQIQAILVEASLGQATVQLPDIDHSALNIQHKDKTDQTRRVPQNRGNYSEKT,0.7612443304250894
MSIACPSTAVILLYRRASPHQLGMITVLPKKGWLLFF,0.2092132909934267
MSIDKVAGSAQKRKCHLIKNLARQWYRLQSLLPLDVSRKPSGCCNRRAEEREAAELKGTKARAPCQTSPARPS,0.2109670895503759
MSILMKEQLMLSGNLMKKELCLYYSSSRKVTYHMFRTKVHFYVEL,0.131919288468599
MSIRISASQYGPSPGLRRGRPGLESR,0.4761826268649671
MSITCWMRLCSSPPLSEWSVSINWTP,0.2233866497345261
MARTGPPRPPRATSPPAWGPQRLGRDQGARGFSLPPALVRD,0.6963251886314775
MSLLNSPCTWQPASYCSRHCRLFAYRMGVTV,0.1579785202641668
MSLMGIVNNPYFWFLMIFQERSLTRVSDMPTPPLPSTMFGSSLRPHQEQMLVPCFL,0.0405017172910607
MSLMLAPSDARWDQHSPASAANCSSKVIAMRSLGFIFKGMKQLRLFWKTFWQLVKLEYN,0.2671022757421692
MSLSLRPVPSCSGCPVSFRMEKPLSPPAEMGPDGGCRGRARGRRQQQQQQQQQQQQPQRRGLCD,0.8602151195880774
MSNDKMEDRVSRAKTTKRPPKFVFKKTNEKSKQSEREVQDHGCAYLHSHCWVLKFSSGPVPAAKPSAKGPEEAGDIEL,0.5910208591781074
MSNNGPEDFISSSRKNSRQTARISSNPERR,0.8579908154831366
MSPANGEQSRSRCLGSEGSCLRHRHGRWIQPPPAAAPGAMRRGAAATATARL,0.4875529258744372
MSPAQRDRVVMRLKGTAAVKKHALQFMKHWINIRNGIKACCLLKKY,0.186924122017532
MSPCGNLLGAKWPGVLRLPQLLRRER,0.3184715023054035
MSPDRNIECKATGFTETTIYDLLFCKSVDSFYQLLISSSGSKSIT,0.2938404667973729
MASGLSPLPPHQGQCPRLWSCSEGRMAEPSSPLQRRLQLARPCLDSLQWSLLS,0.433835411405665
MAAAPAAGAIWATAAAKAAAGPTGGLHGGSRGWP,0.8144308885881566
MSPGRARRLPQATARRGTPSRAHRSTARTPAPCGTRLRSLEAVSVIRMHWAPRSW,0.2046951251077377
MSPHLILPRPVGRVVILGLEMRKPRLGEMKRCTATERLLCNEAKANVLFLAAVV,0.0714509087893938
MSPRAGASVCGRARAAVNLAAGSCGPVTAM,0.4464960510121516
MSPREAKPLELVSDSQMSSPALSKACCLQKRRARRMEITSER,0.7996380970052832
MSPRRASPTIPRRAWGTGPSADDRCRFALGSRMW,0.3918472626058287
MSPSRPTENETALQQIGWKELGLFSLFFTLERACKHCSF,0.1224749690800221
MSPVSLSGRKTTFEHLTEVQEWKNPPCSFSAVWLA,0.5621029237547969
MSQAGNSEVYLAIALFKMAASRRFTGVPDRRGGGAQARMKLELARSRKTIAGGTASVGAEET,0.2998460762826187
MSRAAAATAAAATWGRAAAAAAAAGTRGQ,0.2153551158842081
MSRAGGEGRAGRVASLGIRIRAWTRAFPENAEATPSLD,0.505477202361571
MASGRCGDSTESRRPPGAPPTPRSFSPAAGDGGRRFLCSFCVPRGLLPQRRGPPPS,0.5496525809545663
MSRESRVPSLQSREQLSRRRLGRRRRLLLLRRRQPGA,0.4307855032593152
MSRGTIPAMKRECQYNSHKGSSCGPQTKNHCITSADCIGEKGAGTEKPEINHLSFLEKRMLRLSRFG,0.0887732338172763
MSRGTIPAMKRECQYNSHKGSSCGPQTKNHCITSAESDSRPVPQAAVQWRDLGSLHLRLPDSSNSPASAS,0.7042078468454283
MSRLGIILRHHLASPASHFKVITGSGLPLKGILMLTTSPRRA,0.1272565391596609
MSRRPSVGDCVTRGGPLVKFQARPLRF,0.6821594845558295
MSRTEPGKLPVRFQRPRARRGGRCGNPSGM,0.8191312561539866
MSRWQPGWAGRAGSNGTSPRSFFPRIQCGPSGGRGAALRS,0.541800034600769
MSSGACATEVSSPQGEVDKGVSYFDFKTSQWRLVLERGFMLEHFQQSSAGASLTHWLVTLGLGFQPKPKASVFNAVNGNK,0.237654044153563
MSSLFVKGTLATLQQQPWYFFSPGMGRMISLSEPENPGP,0.3707871883640313
MSSLGLLFLHLKRRLQEGQHMPEKDEFQLDRPEARQ,0.304237105740979
MASLAAMLELSLFGARPAPGPPSVAAS,0.2612894546828702
MSSLGSHQNKETGLKTLIPESILPHIQNEIHAQRCQEESRQTGLSRICGNI,0.6229423384313757
MSSLGSHQNKETGLKTLIPESILPHIQNEIHAQRCQEESRQTGLSRLYKKHDASICFW,0.5582198078095808
MSSQPKVLRSGERQRKTKKSRPENWDLGEIDECSKPVSWLQFL,0.5125197601907704
MSSRRRGERDSVTDTEMNTPVSTGCL,0.8826693691088396
MSSSRCLDPECGGNISGEALTPKAVQAQCGGCFSGESSRLAQPGAPSSWPKSYPSS,0.9617630009661912
MSSTSWPLTQLQQSQLHQLENKWDLHELHSELKYRLRC,0.4257590618509854
MSSVPRRVLCLWHKDQNKGELLLHRVFR,0.3907354912911552
MSSYLTSEPRWAGNRGLGPAGAARKRGNSERSVFSLWFLSPASRTAGPAATWTGIQRILQVQLHRLAFPDAPKPAPRTE,0.1296692146223272
MSTHWLEWEETGSHHIAWAGLGLLTPSDPLASASQAAGFTGRHHRTELKISLICSFPRRLVLSKTENMTTDSF,0.1804503533164263
MSTHWLEWEGRVWGRGVPSFLSAQEASRFLHSISFLQYGKDQAFSDHRILRAISTWSKWWLPALGLHN,0.0474436134076556
MASLAPHRPLPEGGSLPAQPGAPEISLEQAPERDYP,0.848939744841898
MSTRCGEAGRARGTQPHRGYRAQNQPYKMHLGPPRLEE,0.5671980356806394
MSTTRTPRRSGASGPKMVADQTSGISRPPTAGIGTSRLCLGDRQVVPLWFFRRCLPGGILTLSL,0.1349382365872449
MSVLSRKRCVPHARSHPVTCSGVPFNGF,0.5031390688862899
MSVPVVSAPPFCPPAEGSRDGRPKASVARPAAVHEHHSPRDCGHLPDVLRSSLGGWQPH,0.9372290564190358
MSVRPDAWPLAAWEVAGAAFAFARDSSN,0.6748410411338173
MSVRSSTSSGLPNTFSMKAVCTGPHSIRLKLLAGEQRVGGGGRQPGPSPSPNPSPSPNHVPAPDREQHRCAGK,0.6485521270531229
MSVYAGGRGPAKLCPQAGPGRTPLPLHGSGRGQ,0.6873428628079582
MSYSSERRRLVLRAGKGAHSSGRCFREKGD,0.4801818994940885
MSYWAPVCRIYAHVGTEESSVVAMFSPQELTGEGMGQDPSLCKASVTVMFQHLIIYPGEFSCLPG,0.2529343408234216
MSYWAPVCRIYAHVGTEESSVVAMFSPQELTGEGMGQDPSLCKASVTVMFQVGVHGLCSYRGDLVDNHSMMNTK,0.0722319964009716
MASLLCQSGVPSSQKCHMMDKRLGEKKKKGDLSRTQKQEL,0.7030477429993773
MTAAPLLPPPARPPLAAGWMRTVRR,0.7824348436079183
MTAFLQSRNYVWPGSHPLSQFQLSPNWNVSLQTPILIKGQRLLIHLGWILYSWRDCREGAVS,0.2500094322401528
MTALPWMALLVPHQPAPPFFLQHPDLHSLRGSHCPRCEDVPGPLCAEAWELSCWEHARPQYP,0.4434592327100618
MTAPKAFAGLSRPQRKGNPSSGLVRAASGYRMDFGRGSHHWTSKEATCRHLQPSIS,0.4411723340247446
MTARKKSMLSPIMNVSSKKDENFRSGSVRGTGSCQDLMGKF,0.7322714769529011
MTASGWPWSLSGLGRGKESGKNLRTS,0.4793305895237237
MTCAQSLISRRPGGPIGPPGWLQGPHLG,0.5220522594966918
MTDCGGGDRLLLLMAGDRARLRGPDLLFSGTCAGGGPELRRFTLCSPVPKTHTHQSHRTS,0.2775917310270722
MTDSPLRGDSSSAVAAETDERRLLAAGP,0.9126768076768644
MTEAKDLLLSRFKGQWGKAINPLSDQHQAVIKSVGAKK,0.6856347167773882
MASRLCGGALWYVCPCPSGAWMVPGTQLATS,0.1878639430531334
MTELDETRGRAGGARRKLGKETRSRGTTVGQAAWKISAGSPRQNSHAPGQAVPTAWWRGNLTSGRAPLLHS,0.4971902637648573
MTETLWATRCVSALGELSSLTISATSSSRNWGRVGSAMWT,0.2596989170574139
MTEVEMKLLHGVKNVFKRKLRERTTEPRINTNRRAMLLD,0.5217603480895093
MTEWSFELDFCVPDGVGPDPRALGVGRRCYCKMQVG,0.3076813576037623
MTFHRNVRSFGANYQGQGWEKQVLDSQPV,0.5915514948449605
MTGGGPLAVLLENLPPFQNPLKIYRSQLE,0.5707671438047345
MTGGSQRWKGWRKYRFAPGRRGASLERPCLLRSRPPGPRGSSWRRQVQKATRVVTATALGQEPFRDLSNNEFSSFESG,0.4655661292529225
MTGPAYRAEHDQQQSEWKSACDLREPDGRWSSGSTHGFLFNPSDFPKPSALRFRSKCGTRPGCVGGTRPEAAGE,0.8086335750099732
MTIFARLHCTFSQVSSLSLMCDTSSWTRYFS,0.1687870111361497
MTIKEHTWTCGTWKCAHRKRKSIILLK,0.361633177041534
MASRYTVASVIPQSWAVWPSARRTWYAEGSSAWSPRFQRPRLGNRPSLRRELGLGLRPGPSTSVHRTRGRPHWC,0.5268707536404162
MTKALPQFIFLPVYFPFAFLESCCITEAGSSDVPLKSQWKVLT,0.1419988597886152
MTLIDSKASLICQAEGALLVFLGLFQRGQLSSGK,0.204252651161377
MTLPFPGHPGSLWRRSHRCSLMSSLWSQLVPVAARRQKAVSE,0.3175494299698228
MTLTSAAGAAARLSWKFRIFHSSEC,0.2701215773320963
MTMWTLSFQGFLEPLQSLGARLLSGNCRIFLLTPACLAPAAPVESTDASSASSLGKSGVVSRRA,0.0594098603986394
MTPAALSCRLVAAAPRARPPPPPPPAPGRASRASGAAPQ,0.6695220362134628
MTPFPWCIHIIVHLVKTMKIIYNATLLFLVS,0.1863999351969837
MTPIRDPQRRCMSIYLLSVYCVPGTISMCIEKPWKAIQQYI,0.0973916044642563
MTPRHHCEAYSSAGEEEEEEEEEKVATASWVAGRSKGYHEVSRAFGKPEIVFPVGKGNH,0.754842367863948
MTPSRHLFPLCHASFSCTFAPRTYSCPALPFLSPPFSLRPLPVRPQPLLPSQVFSVLASPPYPIPLPCPVSCLRAPSGWE,0.2502843743050579
MASVAHGEAGVGELRLEQVLWEMAEAWSERQLGCALQWPCSPPCVSPALLEPCRSMFNRNQSSGGLMRKGSAPQP,0.4941499987566179
MTPVAYHGHGVSAFRCCSPLLLQAKARR,0.4950288551777133
MTPVVGRAASRGGVCRGWALTEASTHVLLSLSPPEAAALVL,0.2630369307609417
MTQGSPDHSSAAIGPSLRNWARPGTITELCRGLEALTG,0.5223879932102894
MTRKGRGMQEVEELSETGKVVKQHRVGEALRVVVLVWAGSLGVDEAWFWVGGATTGRCLLWKCLPARFCPGAWGIVL,0.0557764218794125
MTRKPRLAVASSMAPAQSEKEVGTP,0.9359604373777772
MTRPMCGAIEKFIGKLEDISINRLFWFL,0.1657540515657946
MTRPTIVSSCLWAVRQLVGTRSNPRFFLQYSGYNLSWLL,0.0992274910224111
MTRRPAILRFPRPMWLRGRGGAAHYGPESS,0.6290216307932854
MTSCGCSTPPPPRGTLHFSPSLPPLESTLRAFCP,0.5360894844820756
MTSSLVWDDVKFKMDGITAAAAAAARASRV,0.7246984309730886
MATAFFPARTPAAGLPRGACLARRSSGYRCGLAGRSGAARLPRS,0.2380809339723041
MTSVNGKNKTKMLYGQSHKGKDPQFTFLELSSVLYCCDLLIGIGIVVGVK,0.1774277776811763
MTTNKMAFSPDPTSFPGTHTPSCPQPSACVVPDGSRSPSAAFPLPFLLVRNNGKVKRKEDYKQDGGRGTYT,0.8787660566718486
MTTPSSGTAAVSSASSSVVHGCPGSRPVEIESRVSGVE,0.9204248328895204
MTTVDFALKPSGRRRGLTLALGSSGHCSGPRLLLLTSALRLFSIGVEAPPVLSCLWREANLPLDQREEKAETGSNAVDW,0.2552210612197051
MTVSPESSGGVTQSHKPASPAVEMGSAPGRATDRKHNIHSPGRAFA,0.2138918725436002
MTWLGNVPTAAASREPGAAGTDRGLVPTRVC,0.5737783928360167
MTYPRHLFGHTSVLGSSFLGGFGPGTFPVSAHCRFIHNCQGGTAFNFTVLEAAKRILLQCKEEMANG,0.2210690410105443
MVAACTLGSLVWCSQQSRQPWAPMALRVRA,0.1917463429819648
MVAETGGVGDVSRGRVASVGTLGAEQLPH,0.9774579896579434
MVAKALHPSGLHHGSSSDSKDTLTPQCSMTRERVSSLLPLSGGSTEDFSSHSVSHS,0.9563744908450652
MATGMRDSTALTFFLATAMAVQWMEMERTVFLRMRPLNTQLELWLCLRKPHL,0.0599887372418106
MVAPMAWLEDKQIEDIGNGVIKMIDHEA,0.6488820548671106
MVAPRAAPPAGAFLSGQAVFHGRELLAELPLFAMDFG,0.4422999903763692
MVARVACGSRRLAKSQRSAPAGVSLAWSPHPPGP,0.6373932195480472
MVASAKMGRAGTMAVAAEVAGAGRLAVEEAVVLRGL,0.6619911523902369
MVAVTLPVQQAWIRLQARGTRHQLGRGDAQLGLRPLHRDVPRPPSPGPA,0.566305294158964
MVCERISVCLGRKLFDLQKSQKTSRTSIKIHQRAFYY,0.2933240044778892
MVCISSEALKKYQVGFDIAVVRATPPHLENWEMWILRDRAVHELQAVLLALVLGR,0.0794019959585356
MVELSPSKLPDLAAVANYWAKRLNQTYSGFKAPNIIPGANIILPLIQMVASCQASSGTGNMDT,0.2886760033376708
MVENWTPQAHNLPVRFQGPASFILGLAALNNG,0.5174135594540828
MVFFGRARQCEEWGGACVVCGCGLGKSRRGP,0.1804770418023194
MATMYTARQPRVGSAGGFGCGSRVPGASLPGER,0.7225637718231717
MAAARARAQRRARPGRHRALAADVQRISMLAWSRN,0.1000241260389783
